x	y	champ	opp	total
0.502497488077891	2	Anivia	Ezreal	42.0
0.3497798260462985	2	Anivia	Lucian	27.0
0.3072492787699818	2	Anivia	Samira	24.0
0.3440554152984773	2	Anivia	Vayne	22.0
0.4322484030727392	6	Kalista	AurelionSol	31.0
0.41761015953878544	6	Kalista	Brand	39.0
0.5083982172581026	6	Kalista	Corki	153.0
0.4975343623236804	6	Kalista	Hwei	23.0
0.44845506870317203	6	Kalista	Karthus	21.0
0.49497777996743947	6	Kalista	KogMaw	80.0
0.5204776736715684	6	Kalista	Lux	27.0
0.502609825850167	6	Kalista	Mel	52.0
0.4485918989195632	6	Kalista	MissFortune	313.0
0.44702950533610053	6	Kalista	Nilah	66.0
0.42560368913367397	6	Kalista	Samira	211.0
0.43764397435123686	6	Kalista	Senna	71.0
0.4435866738557948	6	Kalista	Swain	76.0
0.44867657397532296	6	Kalista	Tristana	148.0
0.4281993460950737	6	Kalista	Twitch	186.0
0.5094553087151559	6	Kalista	Varus	182.0
0.5024367048557379	6	Kalista	Veigar	60.0
0.4408844409152212	6	Kalista	Xayah	222.0
0.5119139488277884	6	Kalista	Yasuo	48.0
0.5400821060294921	6	Kalista	Ziggs	59.0
0.5133807161049355	7	Varus	Aphelios	1168.0
0.45955050445662965	7	Varus	Ashe	2146.0
0.4295293159602363	7	Varus	AurelionSol	121.0
0.45920905911043514	7	Varus	Brand	190.0
0.46566185244230573	7	Varus	Cassiopeia	110.0
0.4583047575388431	7	Varus	Draven	806.0
0.44916470074612536	7	Varus	Hwei	62.0
0.4852049884072793	7	Varus	Jinx	2696.0
0.45207581391587165	7	Varus	Karthus	65.0
0.4549491276979828	7	Varus	Katarina	46.0
0.46109185603241176	7	Varus	KogMaw	284.0
0.48623466919441166	7	Varus	MissFortune	1384.0
0.416965335936126	7	Varus	Nilah	187.0
0.4476516158229879	7	Varus	Samira	686.0
0.4598730014181511	7	Varus	Senna	283.0
0.4380590077376527	7	Varus	Seraphine	95.0
0.45702568289566264	7	Varus	Sivir	1487.0
0.46049009632830257	7	Varus	Smolder	1277.0
0.5027223709117964	7	Varus	Swain	303.0
0.46257488898293636	7	Varus	Syndra	21.0
0.44166560815857403	7	Varus	TahmKench	25.0
0.4450014690942157	7	Varus	Tristana	518.0
0.4565019988968479	7	Varus	Twitch	766.0
0.45727847100801816	7	Varus	Velkoz	104.0
0.45885113215365186	7	Varus	Viktor	29.0
0.4669991902058322	7	Varus	Vladimir	30.0
0.48839790050499415	7	Varus	Xayah	896.0
0.45332523277951575	7	Varus	Xerath	71.0
0.4334316621397404	7	Varus	Yasuo	190.0
0.3846590500853547	9	Akshan	Kaisa	38.0
0.5926108109227961	9	Akshan	Smolder	29.0
0.4432380328784396	10	Cassiopeia	Aphelios	94.0
0.527831601102345	10	Cassiopeia	Kaisa	257.0
0.4104603042382349	10	Cassiopeia	Smolder	95.0
0.535923149441322	10	Cassiopeia	Zeri	30.0
0.5214019332873087	11	Yunara	Anivia	33.0
0.4512848708110406	11	Yunara	Ashe	3802.0
0.4058898231486463	11	Yunara	Brand	373.0
0.4622353475501053	11	Yunara	Caitlyn	5285.0
0.47043811087909	11	Yunara	Draven	1395.0
0.46130480431090054	11	Yunara	Heimerdinger	52.0
0.4714140205630909	11	Yunara	Hwei	151.0
0.46397718001708943	11	Yunara	Irelia	34.0
0.4651710485229121	11	Yunara	Jinx	6900.0
0.510166414270889	11	Yunara	Kaisa	7092.0
0.5098823216459231	11	Yunara	Kalista	316.0
0.4883588412597862	11	Yunara	Karthus	143.0
0.4668603297827391	11	Yunara	KogMaw	753.0
0.47246937429157054	11	Yunara	Lux	178.0
0.43134396617258636	11	Yunara	Malzahar	31.0
0.43407751157105734	11	Yunara	MasterYi	28.0
0.461379092509429	11	Yunara	Mel	596.0
0.4674412521608884	11	Yunara	Senna	645.0
0.4918820024833878	11	Yunara	Seraphine	178.0
0.49369370924786343	11	Yunara	Sivir	2472.0
0.47383641939264287	11	Yunara	Swain	631.0
0.4305807038700036	11	Yunara	Syndra	73.0
0.46254287476248157	11	Yunara	TahmKench	43.0
0.45609489728437436	11	Yunara	Taliyah	25.0
0.469431135053444	11	Yunara	Tristana	1281.0
0.4100601914237461	11	Yunara	Veigar	583.0
0.44332583025835204	11	Yunara	Velkoz	222.0
0.46130480431090054	11	Yunara	Viktor	52.0
0.4994442164266671	11	Yunara	Vladimir	84.0
0.44628878041391223	11	Yunara	Xerath	99.0
0.51433938643648	11	Yunara	Yasuo	472.0
0.4991222230925057	11	Yunara	Yone	24.0
0.5027507487227103	11	Yunara	Zeri	978.0
0.5210283102091873	11	Yunara	Zyra	35.0
0.46304253001962664	12	Ezreal	Ahri	39.0
0.4744687692168225	12	Ezreal	Akshan	47.0
0.4594525725071454	12	Ezreal	Anivia	42.0
0.44524121506812675	12	Ezreal	Annie	23.0
0.46636659746916	12	Ezreal	AurelionSol	540.0
0.5010999477487905	12	Ezreal	Aurora	29.0
0.4429919078827819	12	Ezreal	Brand	879.0
0.506255929883589	12	Ezreal	Cassiopeia	350.0
0.49590145793654394	12	Ezreal	Chogath	30.0
0.5100195724877147	12	Ezreal	Corki	2539.0
0.5120898018246248	12	Ezreal	Graves	25.0
0.44662661172265444	12	Ezreal	Heimerdinger	119.0
0.4527874102145452	12	Ezreal	Hwei	355.0
0.44505638661108077	12	Ezreal	Irelia	50.0
0.4781500788760287	12	Ezreal	Jhin	14803.0
0.4781506124622243	12	Ezreal	Kaisa	23156.0
0.4283375145135721	12	Ezreal	Karthus	281.0
0.47047394143709564	12	Ezreal	Katarina	201.0
0.45243086905038754	12	Ezreal	Kindred	26.0
0.4674483352872289	12	Ezreal	KogMaw	1236.0
0.44962229473978965	12	Ezreal	Lux	398.0
0.46478311950759416	12	Ezreal	Malzahar	101.0
0.4686782290891885	12	Ezreal	MasterYi	42.0
0.4890954537738711	12	Ezreal	Mel	1162.0
0.41467847532157837	12	Ezreal	Naafiri	32.0
0.4488135352101001	12	Ezreal	Nilah	840.0
0.4228681910069216	12	Ezreal	Pantheon	23.0
0.45642772709872936	12	Ezreal	Quinn	23.0
0.41467847532157837	12	Ezreal	Rengar	32.0
0.48998726319053715	12	Ezreal	Ryze	23.0
0.46345744536621775	12	Ezreal	Samira	4145.0
0.45460771630271807	12	Ezreal	Senna	1176.0
0.5069400396506979	12	Ezreal	Seraphine	381.0
0.40040463733695814	12	Ezreal	Singed	43.0
0.44406600412239605	12	Ezreal	Sion	39.0
0.46435645224930583	12	Ezreal	Sivir	8179.0
0.4531024525187824	12	Ezreal	Swain	1392.0
0.41478358975382634	12	Ezreal	Syndra	126.0
0.4100720462156785	12	Ezreal	TahmKench	77.0
0.4744687692168225	12	Ezreal	Taliyah	47.0
0.49117227994915585	12	Ezreal	TwistedFate	35.0
0.5101803348908409	12	Ezreal	Twitch	2989.0
0.4614737468524217	12	Ezreal	Vayne	4616.0
0.4651691084031665	12	Ezreal	Veigar	1079.0
0.4746159287631957	12	Ezreal	Velkoz	481.0
0.4271566874024103	12	Ezreal	Vladimir	193.0
0.4916164851677488	12	Ezreal	Xayah	4752.0
0.4908338740360209	12	Ezreal	Xerath	304.0
0.4525721415493979	12	Ezreal	Yasuo	954.0
0.41903731210453965	12	Ezreal	Yone	62.0
0.4739024777147441	12	Ezreal	Zeri	1788.0
0.4677764959974728	12	Ezreal	Zyra	70.0
0.3666775422112731	13	Malzahar	Jinx	69.0
0.5595242210149743	13	Malzahar	Sivir	31.0
0.32034580575427873	13	Malzahar	Smolder	32.0
0.5983507960205211	13	Malzahar	Yunara	31.0
0.47573944123620365	14	Aphelios	Akshan	22.0
0.46697767084962644	14	Aphelios	Anivia	23.0
0.4561522989205735	14	Aphelios	Ashe	2855.0
0.451996285119661	14	Aphelios	AurelionSol	210.0
0.46885785540160785	14	Aphelios	Brand	274.0
0.4750859782798548	14	Aphelios	Caitlyn	4493.0
0.5164477317329947	14	Aphelios	Cassiopeia	94.0
0.4437222307533369	14	Aphelios	Draven	1215.0
0.464802058275729	14	Aphelios	Heimerdinger	41.0
0.4962003396265722	14	Aphelios	Jhin	3687.0
0.46767991455778785	14	Aphelios	Jinx	6091.0
0.5219671659750477	14	Aphelios	Kaisa	4404.0
0.49578346065717677	14	Aphelios	Kalista	225.0
0.46533698528431366	14	Aphelios	Karthus	116.0
0.43702950464350726	14	Aphelios	Katarina	62.0
0.4433809514076634	14	Aphelios	KogMaw	465.0
0.5169640726616251	14	Aphelios	Lucian	2032.0
0.44951301199083515	14	Aphelios	Lux	143.0
0.470965853172456	14	Aphelios	Mel	425.0
0.46361333883472655	14	Aphelios	MissFortune	2261.0
0.44297790234497686	14	Aphelios	Nilah	373.0
0.45194043042004817	14	Aphelios	Samira	1354.0
0.46728044379296896	14	Aphelios	Senna	483.0
0.4711164582548192	14	Aphelios	Seraphine	151.0
0.5045502245322677	14	Aphelios	Sivir	1709.0
0.49209517381680923	14	Aphelios	Smolder	2266.0
0.4689352980412203	14	Aphelios	Swain	436.0
0.47197022759054885	14	Aphelios	Syndra	53.0
0.46012354840457537	14	Aphelios	Twitch	1273.0
0.4981092537517149	14	Aphelios	Vayne	1474.0
0.45036100117053396	14	Aphelios	Velkoz	158.0
0.4765030642410255	14	Aphelios	Vladimir	70.0
0.4445110501199346	14	Aphelios	Xerath	117.0
0.45904441931238665	14	Aphelios	Yasuo	320.0
0.4401823439992782	14	Aphelios	Ziggs	424.0
0.45880559954164735	14	Aphelios	Zyra	26.0
0.5032718744730621	15	Corki	Aphelios	853.0
0.4237170840697077	15	Corki	AurelionSol	187.0
0.44315133028224896	15	Corki	Brand	219.0
0.46211477177907967	15	Corki	Caitlyn	2127.0
0.46653321023311867	15	Corki	Draven	839.0
0.4614544661216124	15	Corki	Hwei	91.0
0.4576565983656632	15	Corki	Jinx	2151.0
0.5137584620863903	15	Corki	Kaisa	2443.0
0.5163304136852895	15	Corki	Karthus	81.0
0.5008750535934793	15	Corki	Katarina	69.0
0.45038296850770654	15	Corki	KogMaw	358.0
0.5034176914891663	15	Corki	Lucian	1397.0
0.4473559434124599	15	Corki	Lux	122.0
0.5004184172552496	15	Corki	Nilah	267.0
0.4992927350119372	15	Corki	Samira	1077.0
0.4722907531670493	15	Corki	Senna	351.0
0.4697846811178199	15	Corki	Sivir	809.0
0.46071685627669506	15	Corki	Smolder	1500.0
0.4962992903776951	15	Corki	Swain	250.0
0.5044382409748684	15	Corki	Syndra	36.0
0.4608493794002598	15	Corki	TahmKench	24.0
0.4716041620804662	15	Corki	Tristana	780.0
0.514928443232949	15	Corki	Twitch	903.0
0.5130869310505485	15	Corki	Varus	511.0
0.5125490700806711	15	Corki	Vayne	976.0
0.4651145649615602	15	Corki	Veigar	313.0
0.4049082957842981	15	Corki	Velkoz	112.0
0.47496388641412274	15	Corki	Viktor	41.0
0.4743620771198152	15	Corki	Xayah	876.0
0.45791248610415364	15	Corki	Xerath	62.0
0.5141492111253794	15	Corki	Yunara	1595.0
0.5137035504071312	15	Corki	Zeri	337.0
0.522716202370052	16	Kaisa	Ahri	25.0
0.5681566144550169	16	Kaisa	Akshan	38.0
0.5581088270773602	16	Kaisa	Anivia	54.0
0.5170734418804565	16	Kaisa	Annie	22.0
0.4765184285136167	16	Kaisa	Aphelios	4404.0
0.46305362700675556	16	Kaisa	Ashe	6609.0
0.45310442220464586	16	Kaisa	AurelionSol	536.0
0.4665556734540197	16	Kaisa	Aurora	26.0
0.4358344764824681	16	Kaisa	Brand	642.0
0.4640700195779104	16	Kaisa	Cassiopeia	257.0
0.4402365895252372	16	Kaisa	Chogath	24.0
0.46690323018329777	16	Kaisa	Draven	2444.0
0.521727492715163	16	Kaisa	Ezreal	23156.0
0.4241294013586726	16	Kaisa	Heimerdinger	93.0
0.47234678105501543	16	Kaisa	Hwei	296.0
0.5322500839069434	16	Kaisa	Irelia	48.0
0.5169366862159155	16	Kaisa	Jhin	10739.0
0.46554162517057107	16	Kaisa	Jinx	11153.0
0.5120386590595056	16	Kaisa	Kalista	677.0
0.456928798697946	16	Kaisa	Karthus	275.0
0.45877709075955786	16	Kaisa	Katarina	217.0
0.45957854778990875	16	Kaisa	KogMaw	1113.0
0.530663216185635	16	Kaisa	MasterYi	37.0
0.5182390940726359	16	Kaisa	Mel	1004.0
0.4711692075597043	16	Kaisa	MissFortune	5259.0
0.5201789845889362	16	Kaisa	Naafiri	35.0
0.4224169361580096	16	Kaisa	Nilah	934.0
0.503387352516934	16	Kaisa	Quinn	36.0
0.43630304178225365	16	Kaisa	Rengar	27.0
0.4656643257480728	16	Kaisa	Samira	3679.0
0.4569325175477601	16	Kaisa	Senna	960.0
0.4734224573804787	16	Kaisa	Seraphine	329.0
0.47881488101546904	16	Kaisa	Sion	49.0
0.47860321884987594	16	Kaisa	Sivir	4558.0
0.4613401902092693	16	Kaisa	Smolder	5667.0
0.4557267298414674	16	Kaisa	Swain	1226.0
0.47400273613730853	16	Kaisa	Syndra	126.0
0.4228518389209914	16	Kaisa	TahmKench	110.0
0.45610539757396285	16	Kaisa	Taliyah	41.0
0.4679855925590417	16	Kaisa	Tristana	2466.0
0.5287768669352696	16	Kaisa	TwistedFate	43.0
0.5032971955094334	16	Kaisa	Twitch	3223.0
0.5190919675095905	16	Kaisa	Varus	2659.0
0.47302572827875855	16	Kaisa	Vayne	4494.0
0.41344981780986007	16	Kaisa	Veigar	1028.0
0.5209696631870189	16	Kaisa	Viktor	127.0
0.4068555533328771	16	Kaisa	Vladimir	173.0
0.4570346730704548	16	Kaisa	Xayah	7200.0
0.46335664983643277	16	Kaisa	Xerath	210.0
0.4967465792075522	16	Kaisa	Yasuo	927.0
0.5029336831753957	16	Kaisa	Yone	50.0
0.4758755104311161	16	Kaisa	Zeri	1653.0
0.5280348109251316	16	Kaisa	Ziggs	973.0
0.5104042748401104	16	Kaisa	Zilean	23.0
0.5698988631013695	16	Kaisa	Zyra	50.0
0.5070527340828745	17	Lucian	Akshan	24.0
0.5340458617113113	17	Lucian	Anivia	27.0
0.4802649473834118	17	Lucian	Aphelios	2032.0
0.4706047381357589	17	Lucian	Ashe	3576.0
0.479617730903946	17	Lucian	AurelionSol	198.0
0.4556881473957671	17	Lucian	Brand	352.0
0.4845126202470331	17	Lucian	Caitlyn	5200.0
0.5162073085938853	17	Lucian	Cassiopeia	138.0
0.47886168996162876	17	Lucian	Draven	1299.0
0.5127657901205387	17	Lucian	Heimerdinger	46.0
0.4708557589778427	17	Lucian	Hwei	125.0
0.4846965027909305	17	Lucian	Jinx	5035.0
0.5162423772075583	17	Lucian	Kaisa	6325.0
0.5247517947401587	17	Lucian	Kalista	338.0
0.461335550272443	17	Lucian	Karthus	95.0
0.48523163670739206	17	Lucian	Katarina	75.0
0.4826809769655298	17	Lucian	KogMaw	482.0
0.4800209693170394	17	Lucian	Lux	154.0
0.4736101542394407	17	Lucian	Malzahar	35.0
0.5053870311687194	17	Lucian	Mel	527.0
0.46676478611584293	17	Lucian	MissFortune	2790.0
0.45826626757969124	17	Lucian	Nilah	404.0
0.45574144056283605	17	Lucian	Samira	1776.0
0.4705959743848035	17	Lucian	Seraphine	140.0
0.5046273276286246	17	Lucian	Sivir	2143.0
0.4742683063668135	17	Lucian	Smolder	2584.0
0.4727735544541474	17	Lucian	Swain	545.0
0.4728157507231303	17	Lucian	TahmKench	31.0
0.501034985176099	17	Lucian	Tristana	1239.0
0.4706034691830859	17	Lucian	TwistedFate	21.0
0.5322720358265095	17	Lucian	Twitch	1382.0
0.5194507923128292	17	Lucian	Varus	1409.0
0.46115461677993413	17	Lucian	Veigar	403.0
0.46328980566411865	17	Lucian	Viktor	51.0
0.47459697986232857	17	Lucian	Vladimir	60.0
0.48133042927614345	17	Lucian	Xayah	2127.0
0.5153377767967492	17	Lucian	Xerath	119.0
0.47605709033291466	17	Lucian	Yasuo	404.0
0.505492646523701	17	Lucian	Zeri	788.0
0.32445154079997607	19	Taliyah	Smolder	25.0
0.44490648968156665	20	Vladimir	Ashe	90.0
0.4521387743772486	20	Vladimir	Caitlyn	152.0
0.40884950701209033	20	Vladimir	Draven	70.0
0.5681305831051223	20	Vladimir	Ezreal	193.0
0.5928703531179237	20	Vladimir	Kaisa	173.0
0.5468935479906787	20	Vladimir	Nilah	23.0
0.5633588315694394	20	Vladimir	Samira	53.0
0.4468209260678775	20	Vladimir	Senna	29.0
0.4506991492952113	20	Vladimir	Smolder	126.0
0.4589986626144347	20	Vladimir	Vayne	75.0
0.45027579562339476	20	Vladimir	Veigar	24.0
0.45516603317641835	20	Vladimir	Xayah	76.0
0.5464713865725093	21	Caitlyn	Ahri	31.0
0.532240587977197	21	Caitlyn	Akshan	52.0
0.5239548881144638	21	Caitlyn	Anivia	67.0
0.4252918266911427	21	Caitlyn	Annie	24.0
0.5243896055118156	21	Caitlyn	Aphelios	4493.0
0.4792867862299002	21	Caitlyn	Ashe	9177.0
0.46676782585721893	21	Caitlyn	AurelionSol	615.0
0.4577721984341495	21	Caitlyn	Brand	1065.0
0.5361283839001806	21	Caitlyn	Briar	27.0
0.5273776670716072	21	Caitlyn	Cassiopeia	180.0
0.47868688607807025	21	Caitlyn	Chogath	26.0
0.53756519352049	21	Caitlyn	Corki	2127.0
0.48588007526405524	21	Caitlyn	Heimerdinger	101.0
0.4535843533730308	21	Caitlyn	Hwei	361.0
0.4431574835131347	21	Caitlyn	Irelia	39.0
0.47868784867998704	21	Caitlyn	Jhin	14689.0
0.48828680130586166	21	Caitlyn	Jinx	13408.0
0.5134952145689603	21	Caitlyn	Kaisa	9014.0
0.5235875013023146	21	Caitlyn	Kalista	514.0
0.42953393507466897	21	Caitlyn	Karthus	284.0
0.43954697125660175	21	Caitlyn	Katarina	199.0
0.46471844299949167	21	Caitlyn	KogMaw	1214.0
0.5152985787021547	21	Caitlyn	Lucian	5200.0
0.4563454663335166	21	Caitlyn	Lux	536.0
0.469146858681325	21	Caitlyn	Malzahar	83.0
0.5673926257242927	21	Caitlyn	MasterYi	35.0
0.4707324606920944	21	Caitlyn	Mel	1457.0
0.4855879558468372	21	Caitlyn	MissFortune	6759.0
0.44008261868722304	21	Caitlyn	Naafiri	26.0
0.45814115531077365	21	Caitlyn	Nilah	824.0
0.5177479170252326	21	Caitlyn	Olaf	24.0
0.5352331376957171	21	Caitlyn	Quinn	29.0
0.44008261868722304	21	Caitlyn	Rengar	26.0
0.4681200257527101	21	Caitlyn	Samira	3435.0
0.48392843169677174	21	Caitlyn	Senna	1358.0
0.4424239346503507	21	Caitlyn	Seraphine	446.0
0.4856739762930425	21	Caitlyn	Singed	29.0
0.47858959462159834	21	Caitlyn	Sion	49.0
0.4800450768232429	21	Caitlyn	Swain	1234.0
0.4677086136045157	21	Caitlyn	TahmKench	77.0
0.47858959462159834	21	Caitlyn	Taliyah	49.0
0.5271576696844454	21	Caitlyn	TwistedFate	53.0
0.5116956549215803	21	Caitlyn	Twitch	3355.0
0.5232190809800963	21	Caitlyn	Varus	3387.0
0.5093900381068767	21	Caitlyn	Vayne	3659.0
0.4351918295395515	21	Caitlyn	Veigar	1486.0
0.4171005809239961	21	Caitlyn	Velkoz	493.0
0.4641579957703912	21	Caitlyn	Viktor	134.0
0.54095850616924	21	Caitlyn	Vladimir	152.0
0.5028027989681045	21	Caitlyn	Xayah	3282.0
0.4825874419677341	21	Caitlyn	Yasuo	991.0
0.47815579754147103	21	Caitlyn	Yone	47.0
0.5374469781880694	21	Caitlyn	Yunara	5285.0
0.4613612660908219	21	Caitlyn	Ziggs	1544.0
0.3977848546935192	21	Caitlyn	Zyra	77.0
0.5370829709033978	22	Twitch	Aphelios	1273.0
0.44125598583439507	22	Twitch	AurelionSol	226.0
0.5129005894804124	22	Twitch	Brand	367.0
0.4878836514800388	22	Twitch	Caitlyn	3355.0
0.489917594454384	22	Twitch	Cassiopeia	36.0
0.4812245383353548	22	Twitch	Corki	903.0
0.48871293474795385	22	Twitch	Ezreal	2989.0
0.5177698241183079	22	Twitch	Jhin	2939.0
0.517176736614493	22	Twitch	Jinx	4354.0
0.5501939395008545	22	Twitch	Kalista	186.0
0.46217699092512127	22	Twitch	Karthus	118.0
0.45540627839077696	22	Twitch	Katarina	73.0
0.4797490918501493	22	Twitch	KogMaw	558.0
0.46608425528539293	22	Twitch	Lucian	1382.0
0.4624126640245339	22	Twitch	Lux	146.0
0.4601290315104549	22	Twitch	Mel	395.0
0.4302207142116451	22	Twitch	Nilah	532.0
0.462929999609602	22	Twitch	Samira	1269.0
0.5066533775045045	22	Twitch	Senna	434.0
0.473348726352453	22	Twitch	Seraphine	155.0
0.5195137649105263	22	Twitch	Smolder	2667.0
0.4546764859878795	22	Twitch	Swain	368.0
0.4482012236311385	22	Twitch	TahmKench	29.0
0.5374288115684771	22	Twitch	Varus	766.0
0.5102299588287562	22	Twitch	Vayne	1712.0
0.46037824723195203	22	Twitch	Veigar	436.0
0.48475457670174243	22	Twitch	Viktor	54.0
0.4842868769756412	22	Twitch	Xayah	1163.0
0.47553417717114144	22	Twitch	Xerath	76.0
0.4380661513003454	22	Twitch	Yasuo	322.0
0.46928733186575283	22	Twitch	Yone	23.0
0.5223663571034739	22	Twitch	Yunara	1777.0
0.5182427051286485	22	Twitch	Zeri	503.0
0.4856918210995985	22	Twitch	Ziggs	309.0
0.4862619951592475	22	Twitch	Zyra	35.0
0.5214693662702529	23	Mel	Aphelios	425.0
0.4594164929383328	23	Mel	Ashe	669.0
0.46885435822174515	23	Mel	AurelionSol	97.0
0.48301204077927207	23	Mel	Brand	137.0
0.5271776397356396	23	Mel	Caitlyn	1457.0
0.4800877080864199	23	Mel	Cassiopeia	28.0
0.5227912020170119	23	Mel	Draven	395.0
0.4742520319506655	23	Mel	Hwei	59.0
0.4804839607251701	23	Mel	Kaisa	1004.0
0.47646857629003914	23	Mel	Kalista	52.0
0.41637683057168295	23	Mel	Karthus	44.0
0.47508704144194974	23	Mel	Katarina	44.0
0.5245440435008436	23	Mel	Lux	75.0
0.4643026258993625	23	Mel	Samira	353.0
0.4282192981716086	23	Mel	Senna	164.0
0.513427590099892	23	Mel	Swain	139.0
0.5351048933493028	23	Mel	Twitch	395.0
0.5153040457566657	23	Mel	Varus	274.0
0.45582488444851116	23	Mel	Veigar	177.0
0.4794026276097155	23	Mel	Viktor	24.0
0.48462872327067325	23	Mel	Vladimir	31.0
0.4596164554922315	23	Mel	Xayah	388.0
0.45854661990993856	23	Mel	Xerath	62.0
0.44841183262094997	23	Mel	Yasuo	148.0
0.5328440065983957	23	Mel	Yunara	596.0
0.45484295299517774	23	Mel	Ziggs	149.0
0.5111584913752596	24	Zeri	Ashe	1002.0
0.478860535009313	24	Zeri	AurelionSol	94.0
0.4798291737806321	24	Zeri	Brand	129.0
0.45630436240350003	24	Zeri	Cassiopeia	30.0
0.478063625651304	24	Zeri	Corki	337.0
0.4676679697658498	24	Zeri	Draven	407.0
0.5233418771077645	24	Zeri	Ezreal	1788.0
0.522016079411777	24	Zeri	Kaisa	1653.0
0.47583606055639166	24	Zeri	Katarina	26.0
0.4736576700757269	24	Zeri	Lux	52.0
0.48552939753774843	24	Zeri	Mel	192.0
0.4675393914338854	24	Zeri	MissFortune	790.0
0.46120572165193624	24	Zeri	Nilah	139.0
0.5492273767605609	24	Zeri	Senna	176.0
0.4769921605887581	24	Zeri	Seraphine	55.0
0.46378942806037665	24	Zeri	Swain	185.0
0.4608867568959056	24	Zeri	Tristana	367.0
0.4774868330529831	24	Zeri	Twitch	503.0
0.4725206883988893	24	Zeri	Vayne	609.0
0.47230622000632827	24	Zeri	Yasuo	152.0
0.4489255154064059	24	Zeri	Ziggs	126.0
0.4663888452749141	25	Jhin	Ahri	26.0
0.4800537845347881	25	Jhin	Akshan	48.0
0.5077317142454859	25	Jhin	Anivia	45.0
0.4873089955551537	25	Jhin	Ashe	7370.0
0.4782041248928686	25	Jhin	AurelionSol	496.0
0.5144235115414536	25	Jhin	Aurora	22.0
0.5211914134952644	25	Jhin	Caitlyn	14689.0
0.5395676091072328	25	Jhin	Cassiopeia	223.0
0.4907473383255207	25	Jhin	Chogath	33.0
0.5172835675794194	25	Jhin	Corki	2146.0
0.48864825020053887	25	Jhin	Draven	2655.0
0.5216338304700131	25	Jhin	Ezreal	14803.0
0.5199755063174676	25	Jhin	Heimerdinger	119.0
0.485136314232054	25	Jhin	Hwei	327.0
0.47835323236928595	25	Jhin	Irelia	38.0
0.4829881652882557	25	Jhin	Kaisa	10739.0
0.5154125159452101	25	Jhin	Kalista	567.0
0.4647440672374234	25	Jhin	Karthus	248.0
0.5144235115414536	25	Jhin	Kindred	22.0
0.4848715994929252	25	Jhin	KogMaw	1047.0
0.47786145116086465	25	Jhin	Lux	329.0
0.5197015360645136	25	Jhin	Malzahar	71.0
0.42973414268479543	25	Jhin	MasterYi	28.0
0.4896862355611874	25	Jhin	MissFortune	5645.0
0.4900375918427253	25	Jhin	Naafiri	25.0
0.4502987237575714	25	Jhin	Nilah	676.0
0.5278570213196705	25	Jhin	Rengar	27.0
0.47398765835728107	25	Jhin	Samira	3113.0
0.5061595314278635	25	Jhin	Senna	1132.0
0.48806750228619383	25	Jhin	Seraphine	343.0
0.46127236293757845	25	Jhin	Singed	25.0
0.508874058674054	25	Jhin	Sion	29.0
0.49329978257661145	25	Jhin	Sivir	3807.0
0.48541546395888147	25	Jhin	Swain	1089.0
0.4802293101972263	25	Jhin	Syndra	125.0
0.4923766557587089	25	Jhin	TahmKench	57.0
0.5352738769639933	25	Jhin	Taliyah	33.0
0.4759051202233056	25	Jhin	Tristana	2703.0
0.507858160414282	25	Jhin	TwistedFate	43.0
0.48143354106816455	25	Jhin	Twitch	2939.0
0.519945614977411	25	Jhin	Varus	2952.0
0.482993192988125	25	Jhin	Vayne	3598.0
0.4536132424252847	25	Jhin	Veigar	1021.0
0.48379728033482405	25	Jhin	Velkoz	386.0
0.49430034256413685	25	Jhin	Viktor	103.0
0.5167630938371149	25	Jhin	Vladimir	157.0
0.4732805099865828	25	Jhin	Xerath	259.0
0.4521177164269474	25	Jhin	Yasuo	830.0
0.4669726061951927	25	Jhin	Yone	43.0
0.5149962954842504	25	Jhin	Yunara	4886.0
0.49135310679266475	25	Jhin	Zeri	1313.0
0.49421713284708313	25	Jhin	Ziggs	965.0
0.4882780485700726	25	Jhin	Zyra	52.0
0.36182554831159636	28	MasterYi	Caitlyn	35.0
0.6784691910266455	28	MasterYi	Jhin	28.0
0.4006313234617926	28	MasterYi	Vayne	23.0
0.6279387146169936	28	MasterYi	Yunara	28.0
0.42784632671372913	29	Smolder	Akshan	29.0
0.5271069994208814	29	Smolder	Anivia	44.0
0.4852288864811897	29	Smolder	Ashe	3827.0
0.5124763101888907	29	Smolder	AurelionSol	466.0
0.46260517956516756	29	Smolder	Brand	657.0
0.513295033147173	29	Smolder	Briar	21.0
0.6007093161524067	29	Smolder	Cassiopeia	95.0
0.5397700051656491	29	Smolder	Corki	1500.0
0.49186460195883736	29	Smolder	Draven	1882.0
0.5193578149845275	29	Smolder	Ezreal	6226.0
0.5703003278203361	29	Smolder	Heimerdinger	62.0
0.46918539735956855	29	Smolder	Hwei	206.0
0.4963770282433737	29	Smolder	Jhin	5521.0
0.5386803033322862	29	Smolder	Kaisa	5667.0
0.5399095922803683	29	Smolder	Kalista	342.0
0.4754568665468742	29	Smolder	Karthus	188.0
0.46583505920580787	29	Smolder	Katarina	167.0
0.4885963651423895	29	Smolder	KogMaw	892.0
0.5260212124520117	29	Smolder	Lucian	2584.0
0.48715069152905516	29	Smolder	Lux	281.0
0.6254827539568443	29	Smolder	Malzahar	32.0
0.47142590374396404	29	Smolder	MasterYi	33.0
0.4926079450316762	29	Smolder	Mel	858.0
0.49232268404742174	29	Smolder	MissFortune	3625.0
0.523302372025149	29	Smolder	Nilah	616.0
0.451784963034347	29	Smolder	Quinn	23.0
0.4843380229202174	29	Smolder	Samira	2298.0
0.46878688430847515	29	Smolder	Senna	1196.0
0.47112898216994553	29	Smolder	Seraphine	292.0
0.5215736466532274	29	Smolder	Sion	43.0
0.47971940717915845	29	Smolder	Sivir	2406.0
0.5192410354203351	29	Smolder	Swain	729.0
0.4601716705710294	29	Smolder	Syndra	87.0
0.6014453144478299	29	Smolder	Taliyah	25.0
0.5314754386902912	29	Smolder	TwistedFate	32.0
0.47964309488852414	29	Smolder	Twitch	2667.0
0.5385336766551273	29	Smolder	Varus	1277.0
0.5091558943643653	29	Smolder	Vayne	2944.0
0.44990594105361853	29	Smolder	Velkoz	310.0
0.44736560020487953	29	Smolder	Viktor	84.0
0.5495287891323357	29	Smolder	Vladimir	126.0
0.4862731847346143	29	Smolder	Xayah	2118.0
0.5139125097311588	29	Smolder	Xerath	126.0
0.45091322310244436	29	Smolder	Yasuo	633.0
0.5677802689030401	29	Smolder	Yone	29.0
0.4782694104648501	29	Smolder	Ziggs	655.0
0.5233294825959405	29	Smolder	Zyra	58.0
0.41606429027123804	30	Sion	Sivir	22.0
0.6028266768413023	30	Sion	Vayne	30.0
0.4911537076371632	31	Vayne	Akshan	22.0
0.5611437117565039	31	Vayne	Anivia	22.0
0.4847354603894107	31	Vayne	AurelionSol	248.0
0.49052888745246925	31	Vayne	Caitlyn	3659.0
0.5392758590967295	31	Vayne	Cassiopeia	57.0
0.48484374351343523	31	Vayne	Corki	976.0
0.481199378089814	31	Vayne	Draven	1067.0
0.5380880457513251	31	Vayne	Ezreal	4616.0
0.48480588707993255	31	Vayne	Heimerdinger	52.0
0.5495186806223158	31	Vayne	Hwei	133.0
0.5169978936471065	31	Vayne	Jhin	3598.0
0.4856515961020192	31	Vayne	Jinx	3892.0
0.526820748753456	31	Vayne	Kaisa	4494.0
0.531250622526086	31	Vayne	Kalista	232.0
0.5392970702446372	31	Vayne	Karthus	146.0
0.5200819533538946	31	Vayne	Malzahar	23.0
0.5431429482062231	31	Vayne	MasterYi	23.0
0.49686971891412884	31	Vayne	Mel	498.0
0.4847017155805694	31	Vayne	MissFortune	2241.0
0.4950116421556349	31	Vayne	Nilah	389.0
0.48252094206319673	31	Vayne	Samira	1696.0
0.4785403625748119	31	Vayne	Senna	624.0
0.4671160416822438	31	Vayne	Seraphine	157.0
0.43856209027715964	31	Vayne	Sion	30.0
0.5472917874849991	31	Vayne	Sivir	1559.0
0.49110345914734255	31	Vayne	Smolder	2944.0
0.4830480980190404	31	Vayne	Syndra	40.0
0.49702095850156613	31	Vayne	TwistedFate	23.0
0.48887308286498815	31	Vayne	Twitch	1712.0
0.5287872855907378	31	Vayne	Varus	761.0
0.46860877862127287	31	Vayne	Viktor	56.0
0.53417975038978	31	Vayne	Vladimir	75.0
0.4901983567129446	31	Vayne	Xayah	1544.0
0.5155965507409618	31	Vayne	Xerath	80.0
0.5442086082183364	31	Vayne	Yasuo	462.0
0.5192684571070888	31	Vayne	Yunara	1895.0
0.5278592226039867	31	Vayne	Zeri	609.0
0.46154260032718464	31	Vayne	Zyra	21.0
0.4930745893553615	32	Sivir	Aphelios	1709.0
0.4890539535867326	32	Sivir	Ashe	3519.0
0.47718736783586657	32	Sivir	AurelionSol	201.0
0.5238288526933386	32	Sivir	Brand	325.0
0.5203240142861982	32	Sivir	Cassiopeia	124.0
0.528860821335899	32	Sivir	Corki	809.0
0.48338995347661134	32	Sivir	Draven	1058.0
0.5353148947764482	32	Sivir	Ezreal	8179.0
0.5461783073537374	32	Sivir	Heimerdinger	43.0
0.4904525872846345	32	Sivir	Jinx	4465.0
0.5211615340430173	32	Sivir	Kaisa	4558.0
0.5127017106272752	32	Sivir	Kalista	285.0
0.540951302471246	32	Sivir	Karthus	144.0
0.4745860145111648	32	Sivir	Katarina	74.0
0.47189615260303563	32	Sivir	KogMaw	433.0
0.49487755272693434	32	Sivir	Lucian	2143.0
0.5319702641964168	32	Sivir	Lux	144.0
0.46918174974544713	32	Sivir	Malzahar	31.0
0.48857471283896964	32	Sivir	Mel	436.0
0.5240975961506898	32	Sivir	Nilah	279.0
0.48075520587851345	32	Sivir	Samira	1422.0
0.4816780387804816	32	Sivir	Senna	406.0
0.5402287112797451	32	Sivir	Seraphine	148.0
0.5409121621032426	32	Sivir	Sion	22.0
0.5201713190255791	32	Sivir	Smolder	2406.0
0.5129651427944047	32	Sivir	Swain	509.0
0.5281819806941285	32	Sivir	Syndra	32.0
0.4962583162829759	32	Sivir	TahmKench	23.0
0.4959940833012916	32	Sivir	Tristana	890.0
0.49204547914847196	32	Sivir	TwistedFate	32.0
0.4954697852873322	32	Sivir	Twitch	1109.0
0.5412721835724947	32	Sivir	Varus	1487.0
0.45336087312124135	32	Sivir	Vayne	1559.0
0.446937053774965	32	Sivir	Veigar	475.0
0.47827741686120523	32	Sivir	Velkoz	169.0
0.5312858422775603	32	Sivir	Viktor	37.0
0.4771110773710588	32	Sivir	Vladimir	69.0
0.4784944429191334	32	Sivir	Xerath	125.0
0.4505739280483443	32	Sivir	Yasuo	364.0
0.48615229557642226	32	Sivir	Yone	21.0
0.4931902391307364	32	Sivir	Zeri	638.0
0.5248671111188715	32	Sivir	Ziggs	469.0
0.4667572969550108	32	Sivir	Zyra	23.0
0.5561457358050419	33	Draven	Aphelios	1215.0
0.4832479726531963	33	Draven	Ashe	1921.0
0.4865147576179052	33	Draven	AurelionSol	177.0
0.5318819158450312	33	Draven	Corki	839.0
0.5186295336777886	33	Draven	Ezreal	3440.0
0.4487116297035367	33	Draven	Heimerdinger	39.0
0.42511439481509766	33	Draven	Hwei	127.0
0.5324122127363675	33	Draven	Kaisa	2444.0
0.4941002370523049	33	Draven	Katarina	62.0
0.46321209328415214	33	Draven	KogMaw	487.0
0.5203810739720832	33	Draven	Lucian	1299.0
0.45994686014343394	33	Draven	Lux	180.0
0.4865601713950044	33	Draven	Malzahar	29.0
0.4711039262665841	33	Draven	Mel	395.0
0.4901463091555986	33	Draven	MissFortune	1940.0
0.46055205312173264	33	Draven	Samira	1109.0
0.4396225756000943	33	Draven	Seraphine	123.0
0.4732076374699988	33	Draven	Swain	319.0
0.48490223479390077	33	Draven	Syndra	52.0
0.445620674516119	33	Draven	TahmKench	24.0
0.538270006528764	33	Draven	Varus	806.0
0.5183710539508857	33	Draven	Vayne	1067.0
0.4672703826074624	33	Draven	Veigar	433.0
0.42461288087254084	33	Draven	Velkoz	139.0
0.5169181234778957	33	Draven	Viktor	41.0
0.5695673638632397	33	Draven	Vladimir	70.0
0.5176642046003598	33	Draven	Xayah	999.0
0.4803191982437815	33	Draven	Xerath	76.0
0.4495357449127162	33	Draven	Yasuo	328.0
0.527954740829543	33	Draven	Yunara	1395.0
0.5313990479265981	33	Draven	Zeri	407.0
0.46095471285925765	33	Draven	Ziggs	468.0
0.4169121452972657	33	Draven	Zyra	30.0
0.49457526283853526	34	Tristana	Cassiopeia	52.0
0.5252554867417185	34	Tristana	Corki	780.0
0.48620720634242576	34	Tristana	Draven	666.0
0.5184899642369374	34	Tristana	Ezreal	2844.0
0.49043082622158635	34	Tristana	Heimerdinger	25.0
0.5234677913639086	34	Tristana	Jhin	2703.0
0.5308077914679994	34	Tristana	Kaisa	2466.0
0.5322862270519207	34	Tristana	Kalista	148.0
0.4775350454947501	34	Tristana	Karthus	69.0
0.49188712746052254	34	Tristana	Katarina	53.0
0.47053718975656117	34	Tristana	KogMaw	310.0
0.4981805320840364	34	Tristana	Lucian	1239.0
0.48256369871972216	34	Tristana	Lux	98.0
0.4928778480050317	34	Tristana	Nilah	219.0
0.48820038432731055	34	Tristana	Samira	843.0
0.48745927592000887	34	Tristana	Senna	307.0
0.4935657649116939	34	Tristana	Seraphine	101.0
0.49750128945037075	34	Tristana	Smolder	1667.0
0.5196579196063772	34	Tristana	TahmKench	22.0
0.5477782702040844	34	Tristana	Varus	518.0
0.4969628783393709	34	Tristana	Vayne	1019.0
0.4551292325322617	34	Tristana	Velkoz	114.0
0.48144147658454206	34	Tristana	Xayah	1081.0
0.46688864174838035	34	Tristana	Xerath	50.0
0.47333411240106044	34	Tristana	Yasuo	225.0
0.5279800216943006	34	Tristana	Yunara	1281.0
0.5351564293472413	34	Tristana	Zeri	367.0
0.5223055786055697	34	Tristana	Ziggs	228.0
0.5347229756796537	35	Jinx	Ahri	27.0
0.5466676298042155	35	Jinx	Akshan	34.0
0.5182321889284434	35	Jinx	Anivia	61.0
0.5321978956613143	35	Jinx	Aphelios	6091.0
0.46937062641481686	35	Jinx	AurelionSol	552.0
0.4843286896690439	35	Jinx	Brand	764.0
0.5240530856473223	35	Jinx	Chogath	29.0
0.542484727418296	35	Jinx	Corki	2151.0
0.4939394358421234	35	Jinx	Draven	2831.0
0.5158028876752507	35	Jinx	Ezreal	13022.0
0.4805899090412487	35	Jinx	Hwei	294.0
0.5040565109729318	35	Jinx	Jhin	10014.0
0.534426489655046	35	Jinx	Kaisa	11153.0
0.5337489613285215	35	Jinx	Kalista	578.0
0.481983857472658	35	Jinx	Karthus	239.0
0.47784107052849367	35	Jinx	Katarina	181.0
0.5156674963243169	35	Jinx	KogMaw	1423.0
0.5153559168146741	35	Jinx	Lucian	5035.0
0.47263493478129154	35	Jinx	Lux	334.0
0.5885033403542229	35	Jinx	Malzahar	69.0
0.5222751663423051	35	Jinx	MasterYi	37.0
0.5144765672942001	35	Jinx	Mel	1166.0
0.49343616434959153	35	Jinx	MissFortune	5884.0
0.48348593681004143	35	Jinx	Olaf	25.0
0.54490313712184	35	Jinx	Quinn	27.0
0.5652634600062126	35	Jinx	Ryze	27.0
0.5213999755302571	35	Jinx	Samira	3219.0
0.47640592271082105	35	Jinx	Seraphine	314.0
0.5188762438858345	35	Jinx	Singed	30.0
0.5034171698554172	35	Jinx	Sion	49.0
0.4996906439341288	35	Jinx	Smolder	6682.0
0.48980016536773313	35	Jinx	Swain	1114.0
0.48321242153205207	35	Jinx	TahmKench	83.0
0.49465525438913993	35	Jinx	Taliyah	39.0
0.5152970089174544	35	Jinx	Teemo	21.0
0.5626814714686964	35	Jinx	TwistedFate	47.0
0.48257962906861357	35	Jinx	Twitch	4354.0
0.5146120319327725	35	Jinx	Vayne	3892.0
0.43633933585660223	35	Jinx	Veigar	1124.0
0.4236222510459069	35	Jinx	Velkoz	362.0
0.5413681750324184	35	Jinx	Viktor	120.0
0.5315232347886137	35	Jinx	Vladimir	148.0
0.434598265013404	35	Jinx	Xerath	213.0
0.48634923059121976	35	Jinx	Yasuo	851.0
0.4764600593714129	35	Jinx	Yone	60.0
0.5347013135281502	35	Jinx	Yunara	6900.0
0.5014399735186796	35	Jinx	Zeri	1603.0
0.4546785693424305	35	Jinx	Ziggs	1045.0
0.5652547197786358	35	Jinx	Zyra	50.0
0.4931222436210067	37	MissFortune	Akshan	26.0
0.5200842779788105	37	MissFortune	Anivia	32.0
0.5351048064342603	37	MissFortune	Aphelios	2261.0
0.4886187379377823	37	MissFortune	Ashe	3879.0
0.4718691899917222	37	MissFortune	AurelionSol	255.0
0.4842073184214604	37	MissFortune	Brand	483.0
0.5211866945489615	37	MissFortune	Cassiopeia	95.0
0.4452198784085765	37	MissFortune	Hwei	174.0
0.492925577980358	37	MissFortune	Irelia	22.0
0.528364064501945	37	MissFortune	Kaisa	5259.0
0.5406379538088367	37	MissFortune	Kalista	313.0
0.49396638954042965	37	MissFortune	Karthus	129.0
0.4737167372152713	37	MissFortune	Katarina	110.0
0.47752360465372035	37	MissFortune	KogMaw	638.0
0.5326733357912289	37	MissFortune	Lucian	2790.0
0.49050514735825773	37	MissFortune	Malzahar	39.0
0.4986020065671114	37	MissFortune	Mel	590.0
0.4897783090090125	37	MissFortune	Nilah	517.0
0.46846120859851176	37	MissFortune	Seraphine	183.0
0.5170905054374731	37	MissFortune	Sion	29.0
0.4960573053021341	37	MissFortune	Sivir	2289.0
0.4758367112031658	37	MissFortune	Swain	668.0
0.4946762269624134	37	MissFortune	Syndra	68.0
0.4805726541911104	37	MissFortune	TahmKench	36.0
0.4805050484272557	37	MissFortune	Velkoz	215.0
0.4862366136598279	37	MissFortune	Viktor	63.0
0.5024910192214317	37	MissFortune	Vladimir	87.0
0.4534620784998319	37	MissFortune	Xerath	129.0
0.4657408035133423	37	MissFortune	Yasuo	451.0
0.5355766947665643	37	MissFortune	Yone	37.0
0.5227004596079509	37	MissFortune	Yunara	2790.0
0.5308522634872708	37	MissFortune	Zeri	790.0
0.4805726541911104	37	MissFortune	Zyra	36.0
0.5187814236338135	38	Xayah	Aphelios	1564.0
0.48837825886401626	38	Xayah	Ashe	2448.0
0.5215054244653534	38	Xayah	AurelionSol	186.0
0.46361943357850116	38	Xayah	Brand	235.0
0.4973543932063879	38	Xayah	Caitlyn	3282.0
0.523638211926366	38	Xayah	Corki	876.0
0.4836790819937795	38	Xayah	Draven	999.0
0.5025159512224406	38	Xayah	Heimerdinger	43.0
0.4837727088739903	38	Xayah	Hwei	112.0
0.4976046295708942	38	Xayah	Jhin	3013.0
0.5425158686846528	38	Xayah	Kaisa	7200.0
0.5443963038447571	38	Xayah	Kalista	222.0
0.4723025535411867	38	Xayah	Karthus	99.0
0.4787305626957814	38	Xayah	KogMaw	382.0
0.49766906277342443	38	Xayah	Lux	97.0
0.5360784236665616	38	Xayah	Mel	388.0
0.5391242896611778	38	Xayah	Nilah	411.0
0.5253673106377625	38	Xayah	Samira	1891.0
0.49186435417128227	38	Xayah	Senna	360.0
0.4770408783595331	38	Xayah	Seraphine	126.0
0.5218393705657631	38	Xayah	Swain	410.0
0.5379618159956187	38	Xayah	Syndra	59.0
0.49972688401707477	38	Xayah	TahmKench	32.0
0.5192504418033781	38	Xayah	Tristana	1081.0
0.48054258851494186	38	Xayah	Velkoz	122.0
0.49070474833921035	38	Xayah	Viktor	29.0
0.5279062018676524	38	Xayah	Vladimir	76.0
0.4794969284706907	38	Xayah	Xerath	60.0
0.5205084528133249	38	Xayah	Yasuo	348.0
0.5027159965100222	38	Xayah	Zeri	582.0
0.48048250253593283	38	Xayah	Ziggs	403.0
0.530163342006155	39	Senna	Aphelios	483.0
0.4927216382994569	39	Senna	AurelionSol	88.0
0.4651253069411903	39	Senna	Brand	142.0
0.49052416552394096	39	Senna	Draven	370.0
0.5435783909939781	39	Senna	Ezreal	1176.0
0.41913796994243635	39	Senna	Hwei	45.0
0.49322333175691174	39	Senna	Jhin	1132.0
0.5420242373734928	39	Senna	Kaisa	960.0
0.5485271862478941	39	Senna	Kalista	71.0
0.46888654207428454	39	Senna	Karthus	38.0
0.46271735434083383	39	Senna	Katarina	35.0
0.4454381397920088	39	Senna	KogMaw	142.0
0.4606297495365784	39	Senna	Lux	68.0
0.5751149109015488	39	Senna	Mel	164.0
0.4906910455056495	39	Senna	MissFortune	700.0
0.5511490503158594	39	Senna	Seraphine	74.0
0.5309536335316077	39	Senna	Smolder	1196.0
0.4557176206684316	39	Senna	Swain	144.0
0.4897294077537339	39	Senna	Twitch	434.0
0.5331637321719319	39	Senna	Varus	283.0
0.4664738473746375	39	Senna	Veigar	180.0
0.43988041163454755	39	Senna	Velkoz	65.0
0.5378609730956394	39	Senna	Vladimir	29.0
0.4942671465396291	39	Senna	Xerath	41.0
0.5353274732708977	39	Senna	Yasuo	177.0
0.5303241210007621	39	Senna	Yunara	645.0
0.4321784941006109	39	Senna	Zeri	176.0
0.49413660642257135	39	Senna	Ziggs	124.0
0.5803936528374741	40	Heimerdinger	Kaisa	93.0
0.4428477654201915	40	Heimerdinger	Sivir	43.0
0.4389447914270558	40	Heimerdinger	Smolder	62.0
0.5022566401512587	41	Ashe	Anivia	43.0
0.543253233680372	41	Ashe	Aphelios	2855.0
0.4477046274941768	41	Ashe	AurelionSol	327.0
0.4580352669792205	41	Ashe	Brand	453.0
0.4971020164359798	41	Ashe	Cassiopeia	155.0
0.5254077793685359	41	Ashe	Chogath	22.0
0.5208140030810611	41	Ashe	Ezreal	9439.0
0.4880845288546786	41	Ashe	Heimerdinger	55.0
0.48925043878621516	41	Ashe	Irelia	24.0
0.5366275176064677	41	Ashe	Kaisa	6609.0
0.5291781998143377	41	Ashe	Kalista	539.0
0.4462025378342225	41	Ashe	Karthus	176.0
0.41649733224180113	41	Ashe	Katarina	118.0
0.46175082666614015	41	Ashe	KogMaw	767.0
0.5291470339280171	41	Ashe	Lucian	3576.0
0.4530263410893501	41	Ashe	Lux	225.0
0.484368901510647	41	Ashe	MasterYi	21.0
0.5386980410443448	41	Ashe	Mel	669.0
0.4827205166319335	41	Ashe	Senna	734.0
0.4888098600780959	41	Ashe	Seraphine	243.0
0.49387736023767026	41	Ashe	Sion	27.0
0.5209872715563671	41	Ashe	Syndra	69.0
0.44780736970262114	41	Ashe	TahmKench	50.0
0.4907306036042881	41	Ashe	Tristana	1768.0
0.5367049816557791	41	Ashe	TwistedFate	29.0
0.5045057707565505	41	Ashe	Twitch	2086.0
0.5388515720694296	41	Ashe	Varus	2146.0
0.47656133703448417	41	Ashe	Velkoz	262.0
0.4789236183705824	41	Ashe	Viktor	64.0
0.5381709801505848	41	Ashe	Vladimir	90.0
0.482278848082366	41	Ashe	Xerath	121.0
0.4864174547183241	41	Ashe	Yasuo	516.0
0.49427547387923176	41	Ashe	Yone	35.0
0.54801905126483	41	Ashe	Yunara	3802.0
0.48696892151200805	41	Ashe	Zeri	1002.0
0.4659960208527021	41	Ashe	Ziggs	712.0
0.48163583727088677	41	Ashe	Zyra	32.0
0.5407403049042913	42	Yasuo	Aphelios	320.0
0.42977412529060377	42	Yasuo	AurelionSol	66.0
0.4608885976659413	42	Yasuo	Brand	80.0
0.5351059791267951	42	Yasuo	Cassiopeia	23.0
0.5505113620080703	42	Yasuo	Draven	328.0
0.5459005465658546	42	Yasuo	Ezreal	954.0
0.4880154292043302	42	Yasuo	Hwei	36.0
0.5489661701954156	42	Yasuo	Jhin	830.0
0.4686834665574385	42	Yasuo	Kalista	48.0
0.40691424210695715	42	Yasuo	Karthus	38.0
0.5351059791267951	42	Yasuo	Katarina	23.0
0.48972722456100065	42	Yasuo	Lux	50.0
0.5560825552866269	42	Yasuo	Mel	148.0
0.539063045461174	42	Yasuo	MissFortune	451.0
0.4166378411927569	42	Yasuo	Nilah	144.0
0.43453971780967937	42	Yasuo	Samira	334.0
0.46219430714842996	42	Yasuo	Senna	177.0
0.553379187204776	42	Yasuo	Sivir	364.0
0.5491810483274526	42	Yasuo	Smolder	633.0
0.45025681107159576	42	Yasuo	Swain	123.0
0.5347711721740114	42	Yasuo	Tristana	225.0
0.5675459270795166	42	Yasuo	Twitch	322.0
0.5713946637034739	42	Yasuo	Varus	190.0
0.4548898799699778	42	Yasuo	Vayne	462.0
0.3756944296473215	42	Yasuo	Veigar	125.0
0.49477510620721854	42	Yasuo	Velkoz	49.0
0.4787809486140563	42	Yasuo	Vladimir	23.0
0.47725624326385535	42	Yasuo	Xayah	348.0
0.4807565672748292	42	Yasuo	Yunara	472.0
0.5465362561706313	42	Yasuo	Ziggs	113.0
0.5594633178127951	43	Ziggs	Aphelios	424.0
0.5344171855402781	43	Ziggs	Ashe	712.0
0.4879070223130435	43	Ziggs	AurelionSol	61.0
0.4719730132903112	43	Ziggs	Brand	117.0
0.5376973982695032	43	Ziggs	Caitlyn	1544.0
0.5369153207886813	43	Ziggs	Draven	468.0
0.5458898467843258	43	Ziggs	Jinx	1045.0
0.47290403099706335	43	Ziggs	Kaisa	973.0
0.46117440276157956	43	Ziggs	Kalista	59.0
0.5403089951405688	43	Ziggs	KogMaw	148.0
0.5422201167785091	43	Ziggs	Mel	149.0
0.4914009650550836	43	Ziggs	MissFortune	530.0
0.5346450396262694	43	Ziggs	Nilah	115.0
0.531988266546455	43	Ziggs	Seraphine	54.0
0.477085095549701	43	Ziggs	Sivir	469.0
0.5006303441627449	43	Ziggs	Swain	155.0
0.4770147057769609	43	Ziggs	Tristana	228.0
0.43603764777401943	43	Ziggs	Veigar	164.0
0.4622382384218737	43	Ziggs	Velkoz	50.0
0.492752385694354	43	Ziggs	Vladimir	25.0
0.46653575432286903	43	Ziggs	Yasuo	113.0
0.55357951402489	43	Ziggs	Zeri	126.0
0.5892914042683823	44	Samira	Anivia	24.0
0.5484922228990732	44	Samira	Aphelios	1354.0
0.47253278512776026	44	Samira	AurelionSol	206.0
0.531787024702968	44	Samira	Caitlyn	3435.0
0.49925197791836495	44	Samira	Corki	1077.0
0.539420886923	44	Samira	Draven	1109.0
0.5361684660582254	44	Samira	Ezreal	4145.0
0.46247881971710586	44	Samira	Heimerdinger	41.0
0.4588867028581405	44	Samira	Hwei	105.0
0.5261912740804926	44	Samira	Jhin	3113.0
0.47901280756260517	44	Samira	Jinx	3219.0
0.534258240523853	44	Samira	Kaisa	3679.0
0.5702288842529608	44	Samira	Kalista	211.0
0.46993790432909943	44	Samira	Karthus	133.0
0.5323570973984132	44	Samira	Katarina	82.0
0.4875858960688252	44	Samira	KogMaw	450.0
0.5449748500291038	44	Samira	Lucian	1776.0
0.4825116066547993	44	Samira	Lux	130.0
0.5371892802754947	44	Samira	Malzahar	23.0
0.5365321980036475	44	Samira	Mel	353.0
0.49588288704957106	44	Samira	Nilah	631.0
0.4847107631501366	44	Samira	Senna	550.0
0.5382966352458636	44	Samira	Seraphine	125.0
0.4615784273978654	44	Samira	Swain	429.0
0.47686549928536914	44	Samira	Syndra	40.0
0.5075682726244019	44	Samira	TahmKench	24.0
0.5376868974229295	44	Samira	Twitch	1269.0
0.5516926357827491	44	Samira	Varus	686.0
0.45760642413089336	44	Samira	Veigar	442.0
0.4969587225922357	44	Samira	Viktor	54.0
0.44896222660449	44	Samira	Vladimir	53.0
0.47446976679500086	44	Samira	Xayah	1891.0
0.5449505235109516	44	Samira	Xerath	64.0
0.5648248013474898	44	Samira	Yasuo	334.0
0.48969525763637467	44	Samira	Yone	21.0
0.5030207011366582	44	Samira	Zeri	484.0
0.48449490876035506	44	Samira	Ziggs	348.0
0.47183630978878277	45	Syndra	Corki	36.0
0.5778075577300829	45	Syndra	Ezreal	126.0
0.4705893001389508	45	Syndra	Sivir	32.0
0.44752885370025774	45	Syndra	Xayah	59.0
0.5673294078573862	45	Syndra	Yunara	73.0
0.4890140167163678	47	Swain	AurelionSol	70.0
0.4998472374873292	47	Swain	Corki	250.0
0.5443585241881277	47	Swain	Ezreal	1392.0
0.4879870225829529	47	Swain	Hwei	54.0
0.5423956204797482	47	Swain	Kaisa	1226.0
0.5359498490213527	47	Swain	Kalista	76.0
0.49040373440280693	47	Swain	Karthus	45.0
0.49789484782932464	47	Swain	KogMaw	147.0
0.47113372671441817	47	Swain	Lux	58.0
0.4861174673708771	47	Swain	Mel	139.0
0.5399902221739853	47	Swain	Nilah	119.0
0.5374323997608571	47	Swain	Samira	429.0
0.538076590321358	47	Swain	Senna	144.0
0.4717782230832686	47	Swain	Seraphine	62.0
0.48952961810031814	47	Swain	Sivir	509.0
0.483979201213634	47	Swain	Smolder	729.0
0.48700754037927946	47	Swain	Tristana	272.0
0.5431694802894121	47	Swain	Twitch	368.0
0.48439604617110565	47	Swain	Varus	303.0
0.4991627147990164	47	Swain	Vayne	547.0
0.4809238699131088	47	Swain	Xayah	410.0
0.492823324062677	47	Swain	Xerath	30.0
0.5393241501333198	47	Swain	Yasuo	123.0
0.5345646897510732	47	Swain	Zeri	185.0
0.5923779394693673	48	Yone	Ezreal	62.0
0.4178922703989491	48	Yone	MissFortune	37.0
0.42400505576659103	48	Yone	Smolder	29.0
0.5599150296370362	49	Nilah	Aphelios	373.0
0.49535370089446945	49	Nilah	AurelionSol	64.0
0.4396641525423353	49	Nilah	Brand	105.0
0.5408854671816302	49	Nilah	Caitlyn	824.0
0.490351305366408	49	Nilah	Corki	267.0
0.482887119942241	49	Nilah	Draven	365.0
0.5491932480749544	49	Nilah	Ezreal	840.0
0.4277955896721995	49	Nilah	Hwei	32.0
0.5506757198186819	49	Nilah	Jhin	676.0
0.49141765538400695	49	Nilah	Jinx	830.0
0.577178856896172	49	Nilah	Kaisa	934.0
0.5408054763997543	49	Nilah	Kalista	66.0
0.42584967165012666	49	Nilah	Karthus	30.0
0.47730319878462935	49	Nilah	Katarina	22.0
0.47942096439163384	49	Nilah	KogMaw	126.0
0.5435000746219908	49	Nilah	Lucian	404.0
0.4279159932386238	49	Nilah	Lux	46.0
0.4757107456356353	49	Nilah	Mel	100.0
0.470801195060798	49	Nilah	Senna	110.0
0.45149251570596755	49	Nilah	Seraphine	28.0
0.4721458207962677	49	Nilah	Sivir	279.0
0.47651844973051843	49	Nilah	Smolder	616.0
0.4448396681079119	49	Nilah	Swain	119.0
0.45149251570596755	49	Nilah	Syndra	28.0
0.5737528566939634	49	Nilah	Twitch	532.0
0.5951390895323424	49	Nilah	Varus	187.0
0.44909533314554584	49	Nilah	Veigar	113.0
0.44044468532434555	49	Nilah	Vladimir	23.0
0.45386145257577926	49	Nilah	Xayah	411.0
0.5823395337791211	49	Nilah	Yasuo	144.0
0.5436502825887607	49	Nilah	Zeri	139.0
0.45601576121126114	49	Nilah	Ziggs	115.0
0.4748494667361543	50	Seraphine	Brand	52.0
0.5576546246503901	50	Seraphine	Caitlyn	446.0
0.5637841924630359	50	Seraphine	Draven	123.0
0.4902070388209496	50	Seraphine	Ezreal	381.0
0.4971214183372225	50	Seraphine	KogMaw	51.0
0.4937945091012862	50	Seraphine	Mel	72.0
0.5474370646208142	50	Seraphine	Nilah	28.0
0.4712625358304354	50	Seraphine	Samira	125.0
0.4566068758379848	50	Seraphine	Senna	74.0
0.4624260846947473	50	Seraphine	Sivir	148.0
0.5587959312970892	50	Seraphine	Swain	62.0
0.5688509769997177	50	Seraphine	Varus	95.0
0.46433386381860564	50	Seraphine	Veigar	61.0
0.5700217463892876	50	Seraphine	Velkoz	21.0
0.47529024188845026	50	Seraphine	Ziggs	54.0
0.637286318154429	51	Zyra	Caitlyn	77.0
0.6571998249746265	51	Zyra	Draven	30.0
0.4044492184079921	51	Zyra	Jinx	50.0
0.38970641286821517	51	Zyra	Kaisa	50.0
0.5984288437570698	51	Zyra	Sivir	23.0
0.6034986154515706	51	Zyra	Vayne	21.0
0.4246412388334888	51	Zyra	Yunara	35.0
0.5486590239607468	52	KogMaw	Aphelios	465.0
0.5361995216820568	52	KogMaw	Ashe	767.0
0.5065148511744032	52	KogMaw	Brand	114.0
0.541619406383563	52	KogMaw	Corki	358.0
0.4891837347957611	52	KogMaw	Jinx	1423.0
0.5372801592163732	52	KogMaw	Kaisa	1113.0
0.5029969307454643	52	KogMaw	Karthus	43.0
0.5087679449898219	52	KogMaw	Lux	77.0
0.5069505488145235	52	KogMaw	Mel	163.0
0.5390547952528513	52	KogMaw	Senna	142.0
0.5068855133692265	52	KogMaw	Vayne	530.0
0.5022961731217435	52	KogMaw	Yasuo	133.0
0.5019688082926195	52	KogMaw	Zeri	197.0
0.48845671329835355	52	KogMaw	Ziggs	148.0
0.5560721650087935	53	Lux	Aphelios	143.0
0.5540677511515324	53	Lux	Ashe	225.0
0.5555604794645954	53	Lux	Brand	55.0
0.5595412584402517	53	Lux	Corki	122.0
0.48134039873231305	53	Lux	Kalista	27.0
0.47389376433837777	53	Lux	Mel	75.0
0.4901759771691428	53	Lux	MissFortune	219.0
0.5639430498510164	53	Lux	Nilah	46.0
0.4752804631596124	53	Lux	Sivir	144.0
0.5580990739105748	53	Lux	Swain	58.0
0.49754418309536724	53	Lux	Varus	78.0
0.49075755961876005	53	Lux	Velkoz	21.0
0.490293263094253	53	Lux	Ziggs	68.0
0.5627965386916545	54	Xerath	Aphelios	117.0
0.5731756953237511	54	Xerath	Jinx	213.0
0.484139510084487	54	Xerath	Lucian	119.0
0.5640147488420153	54	Xerath	MissFortune	129.0
0.4741442700685508	54	Xerath	Samira	64.0
0.49724060893194133	54	Xerath	Smolder	126.0
0.5604231685372929	54	Xerath	Tristana	50.0
0.4964126010699268	54	Xerath	Vayne	80.0
0.49446171134188044	54	Xerath	Zeri	26.0
0.4852804370002119	54	Xerath	Ziggs	32.0
0.5570009374172185	55	AurelionSol	Ashe	327.0
0.5815481389838217	55	AurelionSol	Corki	187.0
0.5095585660541478	55	AurelionSol	Hwei	27.0
0.556005868672537	55	AurelionSol	Kalista	31.0
0.5014698246986453	55	AurelionSol	Karthus	31.0
0.4977658578465093	55	AurelionSol	Lux	42.0
0.49412211281059315	55	AurelionSol	Smolder	466.0
0.5008050166075584	55	AurelionSol	Tristana	137.0
0.5639811645410615	55	AurelionSol	Twitch	226.0
0.5741390149221457	55	AurelionSol	Varus	121.0
0.5596444008404227	55	AurelionSol	Veigar	107.0
0.5124757422101293	55	AurelionSol	Velkoz	38.0
0.48831383119962335	55	AurelionSol	Xayah	186.0
0.5654319045423872	55	AurelionSol	Yasuo	66.0
0.5636255113803321	57	Brand	Corki	219.0
0.5562119799575113	57	Brand	Ezreal	879.0
0.4666401920845203	57	Brand	Hwei	40.0
0.5644558207587926	57	Brand	Kaisa	642.0
0.5776937584674123	57	Brand	Kalista	39.0
0.45823902591153926	57	Brand	Karthus	31.0
0.5060534776830262	57	Brand	Katarina	22.0
0.46664352213025073	57	Brand	Lux	55.0
0.5592138279374264	57	Brand	Nilah	105.0
0.4795046843531377	57	Brand	Sivir	325.0
0.4923129098893788	57	Brand	Swain	128.0
0.4861383812457229	57	Brand	Twitch	367.0
0.564607379481063	57	Brand	Veigar	176.0
0.5114520445472625	57	Brand	Vladimir	25.0
0.5535403800918097	57	Brand	Xayah	235.0
0.5961047935234194	57	Brand	Yunara	373.0
0.5746971658482192	58	Hwei	Brand	40.0
0.5859361075668792	58	Hwei	Draven	127.0
0.5040886753279653	58	Hwei	Kalista	23.0
0.503362384869025	58	Hwei	KogMaw	39.0
0.5790983242685508	58	Hwei	MissFortune	174.0
0.58189060830745	58	Hwei	Nilah	32.0
0.607240441160846	58	Hwei	Senna	45.0
0.5051113873665234	58	Hwei	Sivir	106.0
0.5019404983360367	58	Hwei	Twitch	105.0
0.4581841877606121	58	Hwei	Vayne	133.0
0.5991232851543757	58	Hwei	Veigar	68.0
0.4764523043220148	58	Hwei	Velkoz	21.0
0.5805912121933965	59	Katarina	Aphelios	62.0
0.5977518055907781	59	Katarina	Ashe	118.0
0.5023501039140671	59	Katarina	Corki	69.0
0.49319564051045456	59	Katarina	Samira	82.0
0.503349299464556	59	Katarina	Yasuo	23.0
0.49566230496591435	60	Velkoz	Brand	37.0
0.5856597232967904	60	Velkoz	Caitlyn	493.0
0.6325773050017283	60	Velkoz	Corki	112.0
0.587466170623552	60	Velkoz	Draven	139.0
0.5763541121623391	60	Velkoz	Hwei	21.0
0.5874538453337381	60	Velkoz	Jinx	362.0
0.5127197598894331	60	Velkoz	Kaisa	366.0
0.491132647129857	60	Velkoz	KogMaw	54.0
0.502855145959751	60	Velkoz	Lucian	193.0
0.4925564345849355	60	Velkoz	Mel	72.0
0.4873766616835953	60	Velkoz	Nilah	26.0
0.5824473028165076	60	Velkoz	Senna	65.0
0.4454299110252953	60	Velkoz	Seraphine	21.0
0.49662522507764095	60	Velkoz	Swain	59.0
0.5789437102150039	60	Velkoz	Tristana	114.0
0.49520715427882495	60	Velkoz	Twitch	134.0
0.4373471846151468	60	Velkoz	Veigar	61.0
0.48271080369513986	60	Velkoz	Zeri	66.0
0.579525231789436	60	Velkoz	Ziggs	50.0
0.5743882521383007	61	Karthus	Ashe	176.0
0.6046464917189642	61	Karthus	Brand	31.0
0.5773285684459788	61	Karthus	Caitlyn	284.0
0.4753665216358329	61	Karthus	Corki	81.0
0.49635231034209387	61	Karthus	Draven	118.0
0.5765053262460957	61	Karthus	Ezreal	281.0
0.5748485835171312	61	Karthus	Kalista	21.0
0.6400983252835681	61	Karthus	Mel	44.0
0.5993439660197928	61	Karthus	Nilah	30.0
0.4650350815962153	61	Karthus	Sivir	144.0
0.4706497583906648	61	Karthus	Vayne	146.0
0.4990063379072186	61	Karthus	Veigar	49.0
0.6260549933471407	61	Karthus	Yasuo	38.0
0.5154992626791768	61	Karthus	Yunara	143.0
0.5116946840312776	61	Karthus	Zeri	33.0
0.5159664990483966	62	Veigar	Aphelios	423.0
0.459529457427684	62	Veigar	AurelionSol	107.0
0.4525708408906368	62	Veigar	Brand	176.0
0.5651682497019265	62	Veigar	Caitlyn	1486.0
0.44440140423389607	62	Veigar	Hwei	68.0
0.5665013549778685	62	Veigar	Jinx	1124.0
0.5868990752200526	62	Veigar	Kaisa	1028.0
0.5027951488274561	62	Veigar	Kalista	60.0
0.5082545984529655	62	Veigar	Katarina	35.0
0.49266575343656016	62	Veigar	KogMaw	154.0
0.5602961442801055	62	Veigar	Seraphine	61.0
0.5585279000189332	62	Veigar	Sivir	475.0
0.5229060851306456	62	Veigar	Varus	252.0
0.4980652892151181	62	Veigar	Vayne	519.0
0.5756354598234594	62	Veigar	Velkoz	61.0
0.5574151056744892	62	Veigar	Vladimir	24.0
0.528507030451129	62	Veigar	Xerath	31.0
0.6227552568199859	62	Veigar	Yasuo	125.0
0.591758312862885	62	Veigar	Yunara	583.0
0.5829605046743499	62	Veigar	Ziggs	164.0
0.4896477038702471	63	TahmKench	Tristana	22.0
0.6186793704293378	63	TahmKench	Twitch	29.0
0.42390965455192486	65	Rengar	Jhin	27.0
