x	y	champ	opp
0.4475817998183114	8	MissFortune	Brand
0.3017022473465001	8	MissFortune	Karma
0.3399682037754251	8	MissFortune	Sona
0.32245044483412744	8	MissFortune	Yuumi
0.4405474736780657	8	MissFortune	Zilean
0.3032802880285613	10	Ziggs	Lulu
0.31698841174337117	12	Twitch	Karma
0.3464209072169538	12	Twitch	Milio
0.4740036085646698	12	Twitch	Morgana
0.3614518248491328	12	Twitch	Pantheon
0.3285905780758413	12	Twitch	Pyke
0.4598952640751145	12	Twitch	Rakan
0.4965680906286533	12	Twitch	Senna
0.3067553583810646	12	Twitch	Sona
0.3638803338620392	12	Twitch	Soraka
0.4803624560513579	12	Twitch	Swain
0.47687851743273146	12	Twitch	Velkoz
0.3638803338620392	12	Twitch	Xerath
0.36532335891203505	12	Twitch	Zilean
0.4662523035761411	16	LeeSin	Alistar
0.33830039435033804	16	LeeSin	Braum
0.5010189989525271	16	LeeSin	Morgana
0.4846819849634017	16	LeeSin	Senna
0.33904203006583694	16	LeeSin	Thresh
0.3644402013028537	18	Ezreal	Amumu
0.478468061383158	18	Ezreal	Anivia
0.38055614041721153	18	Ezreal	Annie
0.3553853194714395	18	Ezreal	Blitzcrank
0.3949333370293588	18	Ezreal	Braum
0.39161447115135795	18	Ezreal	Camille
0.36984837316172814	18	Ezreal	Elise
0.49237895294223105	18	Ezreal	Hwei
0.36011212266159875	18	Ezreal	JarvanIV
0.38736103362327673	18	Ezreal	Maokai
0.5389557663065901	18	Ezreal	MissFortune
0.3877300498932033	18	Ezreal	Nidalee
0.36281050750570687	18	Ezreal	Pantheon
0.373834669943174	18	Ezreal	Poppy
0.3992315372886429	18	Ezreal	Rakan
0.37395425899674406	18	Ezreal	Senna
0.4901920341352899	18	Ezreal	Shaco
0.36985372769263186	18	Ezreal	Sona
0.47075298158483725	18	Ezreal	Teemo
0.3968228620482511	18	Ezreal	Thresh
0.528253591102693	18	Ezreal	Twitch
0.364739688800066	18	Ezreal	Xerath
0.3652240310774025	18	Ezreal	Yuumi
0.5525674564149365	21	Chogath	Karma
0.3647038243293649	26	Rengar	Blitzcrank
0.29618251561720843	26	Rengar	Braum
0.5640751374854037	26	Rengar	Senna
0.36980625869781536	28	Sett	Braum
0.37667930601243105	28	Sett	Nami
0.553218436406363	29	Singed	Leona
0.3537771937960336	29	Singed	Lulu
0.6324588459674654	29	Singed	Nautilus
0.2523792138304921	29	Singed	Pyke
0.34479665733090026	29	Singed	Seraphine
0.4823634378368385	30	Mel	Annie
0.48866078754651	30	Mel	Ashe
0.410048704368909	30	Mel	Elise
0.5041930310711227	30	Mel	Fiddlesticks
0.5546088194049017	30	Mel	Heimerdinger
0.47086077481011057	30	Mel	Hwei
0.41072268135195583	30	Mel	Janna
0.49087326449433205	30	Mel	Leblanc
0.421228989324398	30	Mel	Leona
0.3791402663844594	30	Mel	Maokai
0.4269172996882538	30	Mel	Milio
0.519129574418145	30	Mel	MissFortune
0.4283190355714679	30	Mel	Nami
0.42193342623718827	30	Mel	Nautilus
0.41651935006813784	30	Mel	Pantheon
0.492757458407809	30	Mel	Poppy
0.5120820162608704	30	Mel	Renata
0.3924535369916564	30	Mel	Senna
0.505191537825766	30	Mel	Shaco
0.415097844898238	30	Mel	Sion
0.41908720478652156	30	Mel	Soraka
0.4283753588020751	30	Mel	Swain
0.4953537201700737	30	Mel	Sylas
0.485790206522751	30	Mel	Twitch
0.48156180241246194	30	Mel	Veigar
0.39643447511796415	30	Mel	Xerath
0.4128636631511299	30	Mel	Zac
0.3928031912424711	30	Mel	Zilean
0.4789846149232235	30	Mel	Zoe
0.37707294688399884	31	Skarner	Alistar
0.37012381848688813	31	Skarner	Lulu
0.36316569438622787	31	Skarner	Nami
0.5500134617411097	32	Wukong	Pyke
0.5266002029513718	33	Ahri	Braum
0.35007050590424077	33	Ahri	Karma
0.5264664146446485	33	Ahri	Nami
0.32698938260579047	33	Ahri	Nautilus
0.5670771294755736	33	Ahri	Soraka
0.525063295167356	34	Trundle	Nautilus
0.37853312868521916	34	Trundle	Rakan
0.3544857056852194	35	Rumble	Blitzcrank
0.5574030508240737	35	Rumble	Lulu
0.39464744168242	36	Malphite	Bard
0.5378761584211849	36	Malphite	Brand
0.3552230338169377	36	Malphite	Janna
0.40918192334983094	36	Malphite	Lulu
0.4898192340829857	36	Malphite	Maokai
0.5226077039587207	36	Malphite	Nami
0.5219398269574902	36	Malphite	Nautilus
0.3941698854267611	36	Malphite	Pantheon
0.3705995036667521	36	Malphite	Pyke
0.37426012058701885	36	Malphite	Renata
0.5032557489316098	36	Malphite	Senna
0.41062015439945304	36	Malphite	Seraphine
0.37704228632427167	36	Malphite	Soraka
0.505950759343483	36	Malphite	Swain
0.40051162223412273	36	Malphite	TahmKench
0.4124573766991921	36	Malphite	Thresh
0.49660809684559326	36	Malphite	Velkoz
0.40051162223412273	36	Malphite	Xerath
0.5185045502410658	36	Malphite	Yuumi
0.49726231312632413	37	Veigar	Brand
0.49221847152980386	37	Veigar	Ezreal
0.4956288442405673	37	Veigar	Leona
0.39292489581602646	37	Veigar	Lulu
0.41380450631961924	37	Veigar	Maokai
0.49785384035134544	37	Veigar	Morgana
0.49330788183448926	38	Ashe	Brand
0.4233832685129121	38	Ashe	Elise
0.4840505972411226	38	Ashe	Maokai
0.4910841441205951	38	Ashe	Milio
0.4116300832381481	38	Ashe	Morgana
0.4190417997304654	38	Ashe	Nami
0.3901876290656088	38	Ashe	Nautilus
0.5136278029802108	38	Ashe	Poppy
0.5098768377787805	38	Ashe	Rakan
0.5490422518964851	38	Ashe	Rell
0.39831043742750966	38	Ashe	Sona
0.425820438945808	38	Ashe	Soraka
0.5281131690347958	38	Ashe	Swain
0.5084572637718868	38	Ashe	Teemo
0.5010840611627387	38	Ashe	Velkoz
0.3942107516586362	38	Ashe	Yuumi
0.5348950770442983	38	Ashe	Zyra
0.5218478170132378	39	Camille	Alistar
0.41016821614723115	39	Camille	Bard
0.3968631573101314	39	Camille	Brand
0.41386929795848254	39	Camille	Braum
0.5664532881111493	39	Camille	Ezreal
0.3885827161967563	39	Camille	Lux
0.5390023265561854	39	Camille	Mel
0.41953094512854394	39	Camille	Milio
0.5176654962123319	39	Camille	Morgana
0.4002533833223425	39	Camille	Nautilus
0.41515931553653185	39	Camille	Poppy
0.3959702490336487	39	Camille	Rakan
0.5594948906558651	39	Camille	Senna
0.4933792705202816	39	Camille	Soraka
0.5623603946365723	39	Camille	Swain
0.40382731511509157	39	Camille	Velkoz
0.5349910979350236	39	Camille	Yuumi
0.5536827763033267	39	Camille	Zilean
0.41336748349388486	39	Camille	Zyra
0.5294408064057705	40	Heimerdinger	Bard
0.5481120461351141	40	Heimerdinger	Braum
0.5102085530460911	40	Heimerdinger	Janna
0.3588820226342849	40	Heimerdinger	Karma
0.4241768890338889	40	Heimerdinger	Lulu
0.36474445809468603	40	Heimerdinger	Mel
0.5462437625785196	40	Heimerdinger	Morgana
0.5146279452720373	40	Heimerdinger	Nautilus
0.5118397077095729	40	Heimerdinger	Neeko
0.3669434499042823	40	Heimerdinger	Pyke
0.5380912344140023	40	Heimerdinger	Rakan
0.3717822326466384	40	Heimerdinger	Senna
0.4144723593589642	40	Heimerdinger	Soraka
0.5178671456755385	40	Heimerdinger	Thresh
0.5172475120147246	42	Shen	Ashe
0.39128583260624455	42	Shen	Bard
0.5053817798884327	42	Shen	Blitzcrank
0.5007124528851263	42	Shen	Brand
0.4372545509538123	42	Shen	Braum
0.5210598992248725	42	Shen	Ezreal
0.44170366752360485	42	Shen	Janna
0.509649912797004	42	Shen	Mel
0.42882379470045384	42	Shen	Milio
0.4180087767870556	42	Shen	Nami
0.516955187395741	42	Shen	Nautilus
0.4967987795952033	42	Shen	Neeko
0.5005963039276733	42	Shen	Pantheon
0.5006721680009997	42	Shen	Poppy
0.49344982947455607	42	Shen	Pyke
0.49090396926343316	42	Shen	Renata
0.5004915177613839	42	Shen	Seraphine
0.4915809907396957	42	Shen	Shaco
0.5268894962331522	42	Shen	Soraka
0.5184727102237894	42	Shen	Swain
0.42350419942419654	42	Shen	TahmKench
0.4277450366284467	42	Shen	Taric
0.49719759467217944	42	Shen	Velkoz
0.41951089021376825	42	Shen	Zilean
0.5038522076623408	42	Shen	Zyra
0.5203256836837017	43	Zac	Brand
0.5079940113267722	43	Zac	Braum
0.5103992170118263	43	Zac	Ezreal
0.38471354265248925	43	Zac	Janna
0.4242918300104032	43	Zac	Karma
0.4139886152314421	43	Zac	Maokai
0.5439432694948865	43	Zac	Mel
0.5049672077016709	43	Zac	Nami
0.5272531413964981	43	Zac	Pantheon
0.4284618243568243	43	Zac	Rell
0.43432235825914456	43	Zac	Velkoz
0.4318291675190655	43	Zac	Xerath
0.5149042267665389	43	Zac	Zyra
0.4426175874693587	44	Sylas	Alistar
0.557743590791377	44	Sylas	Amumu
0.4961240845573292	44	Sylas	Ashe
0.4384857867703382	44	Sylas	Braum
0.4126454960680812	44	Sylas	Elise
0.554691828887835	44	Sylas	Ezreal
0.5476576676940507	44	Sylas	Leblanc
0.5224835469215784	44	Sylas	Malphite
0.4919821038037436	44	Sylas	Maokai
0.42367126543436495	44	Sylas	Nami
0.549682781923351	44	Sylas	Pantheon
0.4313843784952696	44	Sylas	Poppy
0.5279193931560183	44	Sylas	Rell
0.5277097485514152	44	Sylas	Renata
0.4498347607761863	44	Sylas	Senna
0.4952275380580016	44	Sylas	Seraphine
0.49570898073918057	44	Sylas	Shen
0.5364478039721696	44	Sylas	Sona
0.4149400152398055	44	Sylas	Taric
0.5061138850177218	44	Sylas	Yuumi
0.44898388609572426	44	Sylas	Zilean
0.5144369999397148	44	Sylas	Zoe
0.49768900724773907	44	Sylas	Zyra
0.5752243149110636	45	Hwei	Alistar
0.505756346924783	45	Hwei	Blitzcrank
0.5537524911743626	45	Hwei	Brand
0.5118046580977618	45	Hwei	Braum
0.4320450972427426	45	Hwei	Galio
0.5213540315578578	45	Hwei	Lux
0.41536781324055194	45	Hwei	Nami
0.42536093405367886	45	Hwei	Nautilus
0.4350618361045734	45	Hwei	Neeko
0.4314585742596656	45	Hwei	Pantheon
0.42586549175820704	45	Hwei	Poppy
0.5022813291422348	45	Hwei	Pyke
0.527431824503819	45	Hwei	Rakan
0.5031403767391318	45	Hwei	Rell
0.42488760451916835	45	Hwei	Sona
0.5092920790504017	45	Hwei	TahmKench
0.4308060400830225	45	Hwei	Thresh
0.4977473760557795	48	Leblanc	Alistar
0.4455914417395895	48	Leblanc	Blitzcrank
0.5442347312889338	48	Leblanc	Brand
0.39005990772485005	48	Leblanc	Braum
0.4361172938844796	48	Leblanc	Janna
0.4350465879527285	48	Leblanc	Leona
0.4149673022970326	48	Leblanc	Maokai
0.43092786367483066	48	Leblanc	Milio
0.4437821332008576	48	Leblanc	Nami
0.44119888317689954	48	Leblanc	Nautilus
0.5272893789887663	48	Leblanc	Neeko
0.49725117662455876	48	Leblanc	Pantheon
0.5349938532298796	48	Leblanc	Pyke
0.42660849543528606	48	Leblanc	Rakan
0.5167749461672356	48	Leblanc	Senna
0.5369775412043456	48	Leblanc	Seraphine
0.5094900625770461	48	Leblanc	Shaco
0.5245541901669211	48	Leblanc	Soraka
0.4333246111777662	48	Leblanc	Sylas
0.4368646646760689	48	Leblanc	Velkoz
0.576117672496449	48	Leblanc	Xerath
0.5025661252565878	48	Leblanc	Yuumi
0.4949700407397692	48	Leblanc	Zoe
0.3995810638760648	51	JarvanIV	Braum
0.6007731655270592	51	JarvanIV	Ezreal
0.5371852301553742	51	JarvanIV	Janna
0.413738898804183	51	JarvanIV	Lulu
0.521575304302113	51	JarvanIV	Mel
0.5756184805953187	51	JarvanIV	Milio
0.587245682228458	51	JarvanIV	Pantheon
0.5325388996297559	51	JarvanIV	Poppy
0.39574417849648214	51	JarvanIV	Pyke
0.42371919898283616	51	JarvanIV	Rakan
0.5460696639612466	51	JarvanIV	Shaco
0.5448683507460276	51	JarvanIV	Sona
0.4396892968428497	51	JarvanIV	Xerath
0.4362291032480148	51	JarvanIV	Zyra
0.5128299310846185	52	Swain	Alistar
0.43618595029805296	52	Swain	Amumu
0.4609842676316074	52	Swain	Anivia
0.4271768248586754	52	Swain	Annie
0.4530837659574812	52	Swain	Ashe
0.45926690136738263	52	Swain	Bard
0.5045817278371603	52	Swain	Blitzcrank
0.4296191655164356	52	Swain	Brand
0.44240854004292884	52	Swain	Camille
0.49214821378016926	52	Swain	Elise
0.5510372317124919	52	Swain	Ezreal
0.5141673101567471	52	Swain	Fiddlesticks
0.46413884102567077	52	Swain	Galio
0.5173999811781581	52	Swain	Gragas
0.517363307559618	52	Swain	Hwei
0.5181530976794284	52	Swain	Ivern
0.495696038872787	52	Swain	Janna
0.4578995294005946	52	Swain	Karma
0.49756550732873744	52	Swain	Leblanc
0.4473061203476659	52	Swain	Lulu
0.46404984222478585	52	Swain	Malphite
0.5005704092821645	52	Swain	Maokai
0.5539331130594614	52	Swain	Mel
0.46091880085883397	52	Swain	Morgana
0.43872529937540977	52	Swain	Nami
0.5423720245758897	52	Swain	Nautilus
0.5162183666796302	52	Swain	Neeko
0.45938232654934474	52	Swain	Nidalee
0.48965357468336473	52	Swain	Rakan
0.5455239192263389	52	Swain	Rell
0.4636489876189225	52	Swain	Shen
0.5016234801370605	52	Swain	Sion
0.43582059781171034	52	Swain	Soraka
0.5082069675968547	52	Swain	Sylas
0.46385463659345266	52	Swain	Teemo
0.5016850830047397	52	Swain	Veigar
0.42362648134188424	52	Swain	Yuumi
0.4966565104336652	52	Swain	Zac
0.43148860903582986	52	Swain	Zilean
0.48953956192817966	52	Swain	Zoe
0.4940515598723559	52	Swain	Zyra
0.4967336414388848	53	Pantheon	Alistar
0.45461601541341456	53	Pantheon	Amumu
0.4428338938772108	53	Pantheon	Annie
0.5388800238230983	53	Pantheon	Ashe
0.4965678068371221	53	Pantheon	Bard
0.49668715006540537	53	Pantheon	Blitzcrank
0.5005351651192259	53	Pantheon	Brand
0.5074718012651941	53	Pantheon	Camille
0.6164911015856455	53	Pantheon	Ezreal
0.48947567486206495	53	Pantheon	Fiddlesticks
0.4442377424749901	53	Pantheon	Galio
0.5019270532838175	53	Pantheon	Heimerdinger
0.541662717188755	53	Pantheon	Hwei
0.44116172001982756	53	Pantheon	Janna
0.4223855813162046	53	Pantheon	JarvanIV
0.5369373522217867	53	Pantheon	Lux
0.5490378522596986	53	Pantheon	Malphite
0.5712785952339482	53	Pantheon	Mel
0.4465048270866295	53	Pantheon	Milio
0.4954529593527955	53	Pantheon	MissFortune
0.5174092644853145	53	Pantheon	Morgana
0.44007035694175095	53	Pantheon	Nami
0.4648118329119434	53	Pantheon	Nautilus
0.4511775773342	53	Pantheon	Nidalee
0.42615926679657296	53	Pantheon	Rakan
0.4889893460635192	53	Pantheon	Rell
0.41367064313848434	53	Pantheon	Renata
0.49846071023898286	53	Pantheon	Shaco
0.45159038738904156	53	Pantheon	Sion
0.505089857104784	53	Pantheon	Sona
0.44752563904304205	53	Pantheon	Soraka
0.440461323504008	53	Pantheon	Sylas
0.4438913083145519	53	Pantheon	TahmKench
0.4258637054694906	53	Pantheon	Taric
0.5102498546093208	53	Pantheon	Teemo
0.4634061565126453	53	Pantheon	Thresh
0.5663728968960933	53	Pantheon	Twitch
0.5207617410905219	53	Pantheon	Veigar
0.5110193724143809	53	Pantheon	Xerath
0.4504869413925926	53	Pantheon	Zac
0.4573461566009981	53	Pantheon	Zilean
0.36560847410289077	54	Lissandra	Braum
0.5509648532287708	54	Lissandra	Leona
0.5522443702186755	54	Lissandra	Morgana
0.4152268329342954	54	Lissandra	Nami
0.42495905721821625	54	Lissandra	Yuumi
0.5229659635226267	55	Shaco	Amumu
0.4611973789967911	55	Shaco	Anivia
0.525330758982171	55	Shaco	Annie
0.5041400285960413	55	Shaco	Ashe
0.5009405205168324	55	Shaco	Bard
0.4976636141762602	55	Shaco	Brand
0.5524710042575723	55	Shaco	Fiddlesticks
0.5319058102596119	55	Shaco	Galio
0.4996160409771339	55	Shaco	Hwei
0.4533013922359777	55	Shaco	Janna
0.4649909614300265	55	Shaco	JarvanIV
0.4646127369161872	55	Shaco	Karma
0.4617393285449806	55	Shaco	Lulu
0.42700129288105887	55	Shaco	Milio
0.5426966714465571	55	Shaco	Morgana
0.4542023876184139	55	Shaco	Nami
0.5161149312917505	55	Shaco	Nautilus
0.46105406917786096	55	Shaco	Neeko
0.5151266695290422	55	Shaco	Pyke
0.5014786240400528	55	Shaco	Rakan
0.4453382376535585	55	Shaco	Rell
0.4996879680721198	55	Shaco	Renata
0.45396045239699984	55	Shaco	Senna
0.44855674211208135	55	Shaco	Sona
0.4998751193470944	55	Shaco	Soraka
0.522740294906833	55	Shaco	Swain
0.4336916398686514	55	Shaco	TahmKench
0.5403606035342333	55	Shaco	Twitch
0.5342932903603197	55	Shaco	Velkoz
0.5036399032977593	55	Shaco	Yuumi
0.4515897012570581	56	Fiddlesticks	Alistar
0.4441196660032308	56	Fiddlesticks	Bard
0.4445746129607781	56	Fiddlesticks	Brand
0.5140825408553968	56	Fiddlesticks	Braum
0.51694703021099	56	Fiddlesticks	Ezreal
0.5277925163738227	56	Fiddlesticks	Janna
0.5129361655401496	56	Fiddlesticks	Karma
0.4404874329045533	56	Fiddlesticks	Morgana
0.532080732379654	56	Fiddlesticks	Nautilus
0.45017962965921093	56	Fiddlesticks	Neeko
0.4521800625661033	56	Fiddlesticks	Pyke
0.44279537205530245	56	Fiddlesticks	Rakan
0.4534057668357947	56	Fiddlesticks	Seraphine
0.4328759569378384	56	Fiddlesticks	Shaco
0.4525134026294238	56	Fiddlesticks	Sona
0.5176673001851845	56	Fiddlesticks	Thresh
0.45416998307335976	56	Fiddlesticks	Xerath
0.4475899055762785	56	Fiddlesticks	Yuumi
0.4517869975117887	56	Fiddlesticks	Zilean
0.5103536488126936	57	Xerath	Alistar
0.5260431053734316	57	Xerath	Amumu
0.5802787215860726	57	Xerath	Anivia
0.5152073017893988	57	Xerath	Annie
0.5197869136898681	57	Xerath	Ashe
0.4602095898103348	57	Xerath	Blitzcrank
0.4546131249442758	57	Xerath	Braum
0.5081833333337039	57	Xerath	Elise
0.6260013373400642	57	Xerath	Ezreal
0.5456830743198358	57	Xerath	Fiddlesticks
0.4586606230182529	57	Xerath	Galio
0.5016627188203819	57	Xerath	Gragas
0.531616139330586	57	Xerath	Heimerdinger
0.5100726170935738	57	Xerath	Hwei
0.4560955530868403	57	Xerath	Janna
0.5492391611781418	57	Xerath	JarvanIV
0.46439934714520276	57	Xerath	Karma
0.4160559129250135	57	Xerath	Leblanc
0.5528231844562297	57	Xerath	LeeSin
0.5595228658041508	57	Xerath	Malphite
0.49570782424561116	57	Xerath	Maokai
0.59894069311608	57	Xerath	Mel
0.444761007569742	57	Xerath	Milio
0.577344161987825	57	Xerath	MissFortune
0.5360818369256961	57	Xerath	Morgana
0.4502168404767183	57	Xerath	Nami
0.45952786542365653	57	Xerath	Nautilus
0.5145196889931797	57	Xerath	Neeko
0.5230888301016484	57	Xerath	Poppy
0.4699440450866121	57	Xerath	Pyke
0.514254715747097	57	Xerath	Rakan
0.500488382542087	57	Xerath	Rell
0.5494502335817193	57	Xerath	Renata
0.4987986505303334	57	Xerath	Senna
0.4593636213219766	57	Xerath	Seraphine
0.519454769873479	57	Xerath	Shen
0.5466802738052988	57	Xerath	Sion
0.42026620459300607	57	Xerath	Sona
0.5224950747721075	57	Xerath	Swain
0.5286200698581158	57	Xerath	Sylas
0.49869343635210955	57	Xerath	TahmKench
0.4383838884065175	57	Xerath	Taric
0.467799744088048	57	Xerath	Teemo
0.5811495748866428	57	Xerath	Twitch
0.5200775122761807	57	Xerath	Veigar
0.47311209347116334	57	Xerath	Yuumi
0.5544670602154408	57	Xerath	Zac
0.5110981846611978	57	Xerath	Zilean
0.4976157565066246	57	Xerath	Zoe
0.5098497909871602	59	Lux	Ahri
0.4674780306583546	59	Lux	Anivia
0.4999112429892432	59	Lux	Annie
0.45183838158279843	59	Lux	Bard
0.4700614320194499	59	Lux	Blitzcrank
0.5455146787150921	59	Lux	Camille
0.5162852010361332	59	Lux	Chogath
0.5654880356597842	59	Lux	Ezreal
0.49992561775093186	59	Lux	Fiddlesticks
0.49821137657508396	59	Lux	Galio
0.5027574881734894	59	Lux	Heimerdinger
0.5173975698411901	59	Lux	Ivern
0.4622463199219142	59	Lux	Janna
0.5024238018614858	59	Lux	JarvanIV
0.49987581541268694	59	Lux	Kennen
0.49993468479068076	59	Lux	Leblanc
0.5166214518828953	59	Lux	LeeSin
0.49676110335074025	59	Lux	Lissandra
0.5199705407000831	59	Lux	Malphite
0.4644999281072638	59	Lux	Milio
0.5214791409338753	59	Lux	MissFortune
0.49797212395502466	59	Lux	Morgana
0.4764538138103994	59	Lux	Nami
0.4710013413835562	59	Lux	Nidalee
0.5156680612474773	59	Lux	Nunu
0.4660891704295997	59	Lux	Pantheon
0.49862741342936834	59	Lux	Poppy
0.5521443537932411	59	Lux	Rakan
0.5108872990389661	59	Lux	Rell
0.5135707984659653	59	Lux	Renata
0.49796557359294463	59	Lux	Senna
0.5031557359647344	59	Lux	Sett
0.5056878402828578	59	Lux	Shen
0.5031557359647344	59	Lux	Skarner
0.45635175973640135	59	Lux	Sona
0.5253958604075698	59	Lux	Swain
0.5063961134584613	59	Lux	Syndra
0.43611432823627705	59	Lux	TahmKench
0.5135643820072151	59	Lux	Taric
0.5104617314271417	59	Lux	Veigar
0.4631316431542227	59	Lux	Yuumi
0.5050208103258201	59	Lux	Zac
0.49987419556932383	59	Lux	Ziggs
0.4752256696362003	59	Lux	Zoe
0.4773559614344811	59	Lux	Zyra
0.4605050441574944	60	Zoe	Alistar
0.4461737329640459	60	Zoe	Blitzcrank
0.4514613885980046	60	Zoe	Braum
0.5233075559749742	60	Zoe	Ezreal
0.523887560665177	60	Zoe	Lux
0.5162880712387002	60	Zoe	Milio
0.5156894312434166	60	Zoe	Morgana
0.5295403039250293	60	Zoe	Neeko
0.45231732703085387	60	Zoe	Poppy
0.5185837550771205	60	Zoe	Pyke
0.5107002752439391	60	Zoe	Rakan
0.5175767485555448	60	Zoe	Sona
0.4505079650044895	60	Zoe	Thresh
0.5126397730918629	60	Zoe	Zilean
0.45898668192705716	60	Zoe	Zyra
0.5903298884574696	61	Taliyah	Bard
0.6086028766941476	61	Taliyah	Neeko
0.47578347065915433	62	Neeko	Alistar
0.5077933453965451	62	Neeko	Amumu
0.47066087858151956	62	Neeko	Anivia
0.4597622693547019	62	Neeko	Annie
0.47497467374454116	62	Neeko	Blitzcrank
0.47549502288932755	62	Neeko	Brand
0.5183064267901971	62	Neeko	Camille
0.5329525830959632	62	Neeko	Fiddlesticks
0.5368729205910263	62	Neeko	Hwei
0.4531448463437249	62	Neeko	Janna
0.5047061185058129	62	Neeko	JarvanIV
0.46434982750897386	62	Neeko	Leblanc
0.5217854001994623	62	Neeko	Lulu
0.5498955462141445	62	Neeko	Mel
0.4732623581259039	62	Neeko	Nami
0.47467231098243107	62	Neeko	Nidalee
0.517070091871746	62	Neeko	Pantheon
0.5071896501887557	62	Neeko	Poppy
0.5059896070973746	62	Neeko	Rakan
0.5073268499074685	62	Neeko	Rell
0.5131593030257033	62	Neeko	Renata
0.533393866231514	62	Neeko	Shaco
0.5167801991726939	62	Neeko	Sion
0.4370107386733304	62	Neeko	Sona
0.46357145545451545	62	Neeko	Soraka
0.5109418816411789	62	Neeko	Sylas
0.5246477540811394	62	Neeko	TahmKench
0.446697189256478	62	Neeko	Taliyah
0.4649232552609309	62	Neeko	Taric
0.5252811975768531	62	Neeko	Teemo
0.5222470917630769	62	Neeko	Twitch
0.5173590982775783	62	Neeko	Veigar
0.4438473467014824	62	Neeko	Velkoz
0.5099228560627422	62	Neeko	Yuumi
0.5048854921651675	62	Neeko	Zac
0.5368520571618614	62	Neeko	Zilean
0.4575843326308396	62	Neeko	Zoe
0.5343268196366938	63	Anivia	Alistar
0.5322959945147858	63	Anivia	Bard
0.5529190596631812	63	Anivia	Blitzcrank
0.4574616911521575	63	Anivia	Braum
0.6045878586763589	63	Anivia	Elise
0.5446781668196677	63	Anivia	Lux
0.4593158092365534	63	Anivia	Maokai
0.530557922575816	63	Anivia	Mel
0.4598582612574937	63	Anivia	Nautilus
0.5312545329067165	63	Anivia	Neeko
0.4362454645870767	63	Anivia	Pyke
0.46491006350171243	63	Anivia	Rell
0.4596599089819238	63	Anivia	Renata
0.5503425949435327	63	Anivia	Senna
0.5412059653926837	63	Anivia	Shaco
0.4410255830090156	63	Anivia	Sona
0.5329063916307294	63	Anivia	Swain
0.4618848031639012	63	Anivia	Taric
0.45154470555409926	63	Anivia	Thresh
0.41761817025047804	63	Anivia	Xerath
0.5247898700970034	63	Anivia	Zilean
0.42158758308145533	63	Anivia	Zyra
0.5550949807180309	64	Galio	Brand
0.4554777822566241	64	Galio	Braum
0.5482506764728308	64	Galio	Ezreal
0.541805868906171	64	Galio	Hwei
0.45777414292259055	64	Galio	Nautilus
0.5154670795850724	64	Galio	Neeko
0.545157237720333	64	Galio	Pantheon
0.5307689257888645	64	Galio	Poppy
0.4537360937532211	64	Galio	Senna
0.43135421742402186	64	Galio	Seraphine
0.46183875962355614	64	Galio	Shaco
0.5297777446566198	64	Galio	Sona
0.5286131035164168	64	Galio	Swain
0.5345510389039666	64	Galio	Sylas
0.4445769930571624	64	Galio	Taric
0.5245929271699149	64	Galio	Velkoz
0.5431572537221808	64	Galio	Xerath
0.5290960383803083	64	Galio	Yuumi
0.5430046374468314	65	Yuumi	Ahri
0.44822155961982274	65	Yuumi	Alistar
0.4727167071157783	65	Yuumi	Amumu
0.4493759974392579	65	Yuumi	Annie
0.6040766951522082	65	Yuumi	Ashe
0.47326039128274733	65	Yuumi	Bard
0.47018368565951923	65	Yuumi	Brand
0.4142116511289648	65	Yuumi	Braum
0.46745745552445733	65	Yuumi	Camille
0.5512954311483829	65	Yuumi	Chogath
0.5278619624629911	65	Yuumi	Elise
0.6288784848833922	65	Yuumi	Ezreal
0.5555349873808956	65	Yuumi	Fiddlesticks
0.4715504056624949	65	Yuumi	Galio
0.4547571145271211	65	Yuumi	Gragas
0.5321539494074918	65	Yuumi	Heimerdinger
0.5172806853679266	65	Yuumi	Hwei
0.45141072388643916	65	Yuumi	Ivern
0.4555226442123416	65	Yuumi	Janna
0.5104674780550733	65	Yuumi	JarvanIV
0.5148177909856299	65	Yuumi	Karma
0.545551603407969	65	Yuumi	LeeSin
0.44997965649433724	65	Yuumi	Leona
0.5630787697281163	65	Yuumi	Lissandra
0.4709534638327699	65	Yuumi	Lulu
0.5398940442680917	65	Yuumi	Lux
0.4739962050718137	65	Yuumi	Malphite
0.5598812527476172	65	Yuumi	Mel
0.6210121993656241	65	Yuumi	MissFortune
0.5181844549298288	65	Yuumi	Morgana
0.45282175855351653	65	Yuumi	Nautilus
0.442184792760455	65	Yuumi	Nidalee
0.5785595171062144	65	Yuumi	Nunu
0.5133376025268115	65	Yuumi	Pantheon
0.47916342564820147	65	Yuumi	Poppy
0.47793185991328563	65	Yuumi	Pyke
0.4673021137530636	65	Yuumi	Rakan
0.5306686952645019	65	Yuumi	Rammus
0.45190230379693197	65	Yuumi	Rell
0.5268658064541389	65	Yuumi	Renata
0.5086253556328253	65	Yuumi	Senna
0.5104684919949856	65	Yuumi	Seraphine
0.4794417256552173	65	Yuumi	Sett
0.5396588163849391	65	Yuumi	Singed
0.5391766391451643	65	Yuumi	Sion
0.558352515498332	65	Yuumi	Skarner
0.47207996979265615	65	Yuumi	Sona
0.514834181037644	65	Yuumi	Soraka
0.5785695807147829	65	Yuumi	Swain
0.5153135724325477	65	Yuumi	Syndra
0.44613768064361714	65	Yuumi	Taric
0.547092637513561	65	Yuumi	Teemo
0.46966540360593967	65	Yuumi	Thresh
0.4727003653480197	65	Yuumi	TwistedFate
0.5767122400292547	65	Yuumi	Twitch
0.5476596322573768	65	Yuumi	Veigar
0.5466998100534802	65	Yuumi	Velkoz
0.5587167059760686	65	Yuumi	Vi
0.5287549297918034	65	Yuumi	Xerath
0.542465492862326	65	Yuumi	Zac
0.5297812836137213	65	Yuumi	Ziggs
0.4600050977659971	65	Yuumi	Zilean
0.5501425267817183	65	Yuumi	Zyra
0.5447110262661355	66	Teemo	Alistar
0.5188696690653366	66	Teemo	Karma
0.45307387830956586	66	Teemo	Lulu
0.5239801878819925	66	Teemo	Lux
0.5274465530083755	66	Teemo	Mel
0.5170013726265394	66	Teemo	Morgana
0.5418384649930491	66	Teemo	Poppy
0.5354138351484546	66	Teemo	Pyke
0.46232138182001414	66	Teemo	Rell
0.5207282488303225	66	Teemo	Renata
0.45827731441886693	66	Teemo	Sona
0.4330582833505704	66	Teemo	Soraka
0.5219788977861225	66	Teemo	Swain
0.44802506805210524	66	Teemo	TahmKench
0.5288754999134593	66	Teemo	Xerath
0.4597375634440282	66	Teemo	Yuumi
0.4518123727499673	67	Renata	Amumu
0.5329043287330905	67	Renata	Anivia
0.47233638315360943	67	Renata	Annie
0.5442315089187634	67	Renata	Ashe
0.4407838508530103	67	Renata	Bard
0.4363364288358767	67	Renata	Blitzcrank
0.5157420181537906	67	Renata	Brand
0.4401745738979636	67	Renata	Elise
0.5453230852271501	67	Renata	Ezreal
0.4697961920892163	67	Renata	Fiddlesticks
0.5101620922373765	67	Renata	Janna
0.5319371450999031	67	Renata	Leblanc
0.45346240654521164	67	Renata	Leona
0.5697038401214766	67	Renata	Malphite
0.4652226976688234	67	Renata	Mel
0.435353482586345	67	Renata	Milio
0.4588354161099168	67	Renata	Nami
0.5721254689750724	67	Renata	Nautilus
0.5833505323225213	67	Renata	Pantheon
0.5110973175940318	67	Renata	Pyke
0.5331924066245484	67	Renata	Rell
0.5695522882158705	67	Renata	Senna
0.46232858346573624	67	Renata	Seraphine
0.5249554602953849	67	Renata	Sion
0.5197942977802702	67	Renata	Swain
0.456532473613467	67	Renata	Sylas
0.3854224889303979	67	Renata	Taric
0.4584526165874886	67	Renata	Teemo
0.468880178676307	67	Renata	Velkoz
0.4490684155639984	67	Renata	Xerath
0.4624978566782326	67	Renata	Zyra
0.5468442065100083	68	Brand	Alistar
0.4649136632618658	68	Brand	Amumu
0.5176762490629216	68	Brand	Blitzcrank
0.5195293759549118	68	Brand	Braum
0.5426487889447758	68	Brand	Camille
0.5172238434892914	68	Brand	Elise
0.5427043473176977	68	Brand	Fiddlesticks
0.44522388603841523	68	Brand	Galio
0.4436038507589976	68	Brand	Hwei
0.4694120152910315	68	Brand	Janna
0.5281636037632705	68	Brand	JarvanIV
0.4514120816910114	68	Brand	Karma
0.4460208923590984	68	Brand	Leblanc
0.5090834967819278	68	Brand	Leona
0.5234235771545205	68	Brand	Lux
0.45659742010958104	68	Brand	Malphite
0.44187328879678883	68	Brand	Maokai
0.47504711791216087	68	Brand	Milio
0.5224666347949563	68	Brand	Neeko
0.435748533225946	68	Brand	Poppy
0.4748145175698537	68	Brand	Pyke
0.4732253998636615	68	Brand	Rakan
0.5659759424126852	68	Brand	Swain
0.5229257256455099	68	Brand	Sylas
0.5492678475260417	68	Brand	Taric
0.5279360723889469	68	Brand	Twitch
0.4694868087561415	68	Brand	Veigar
0.4787090069040427	68	Brand	Velkoz
0.5065752747562623	68	Brand	Xerath
0.5287031523253002	68	Brand	Yuumi
0.4689282471192222	68	Brand	Zac
0.4455218528392161	68	Brand	Zilean
0.5176917037438747	68	Brand	Zoe
0.4214902043773665	68	Brand	Zyra
0.43938407281750325	69	Sion	Bard
0.45011268850860753	69	Sion	Blitzcrank
0.4564676784742332	69	Sion	Janna
0.5306581988015459	69	Sion	Leona
0.5270667453062045	69	Sion	Lux
0.4530326627779478	69	Sion	Maokai
0.5612309750763416	69	Sion	Mel
0.42507271959888776	69	Sion	Milio
0.4504178382872425	69	Sion	Nami
0.5418528770429443	69	Sion	Pantheon
0.5528517632221925	69	Sion	Poppy
0.5569867884463033	69	Sion	Pyke
0.5503197500762211	69	Sion	Rell
0.5490039973520295	69	Sion	Senna
0.45908541967319944	69	Sion	Soraka
0.4508055323556708	69	Sion	TahmKench
0.5528771766839232	69	Sion	Thresh
0.5407917400106184	69	Sion	Velkoz
0.4489501077300449	69	Sion	Xerath
0.46108315189331067	69	Sion	Yuumi
0.4543877109674248	69	Sion	Zilean
0.4370287519886206	69	Sion	Zyra
0.5549887283980509	71	Nidalee	Alistar
0.45351343746219047	71	Nidalee	Bard
0.3957200478713059	71	Nidalee	Blitzcrank
0.5756344779369211	71	Nidalee	Ezreal
0.44799611922403465	71	Nidalee	Janna
0.5432691556966296	71	Nidalee	Leona
0.5595039404476174	71	Nidalee	Lux
0.5427547287512479	71	Nidalee	Mel
0.5478087631133286	71	Nidalee	Morgana
0.5380966143115222	71	Nidalee	Neeko
0.5528184868575764	71	Nidalee	Pantheon
0.4525032823854646	71	Nidalee	Poppy
0.5475223885014284	71	Nidalee	Sona
0.3957200478713059	71	Nidalee	Soraka
0.5455259750389605	71	Nidalee	Swain
0.548710630485067	71	Nidalee	TahmKench
0.5464940812893813	71	Nidalee	Velkoz
0.5400028807910334	71	Nidalee	Xerath
0.5745883364700524	71	Nidalee	Yuumi
0.5078268676242113	72	Morgana	Alistar
0.5052750727324339	72	Morgana	Amumu
0.5053236414112923	72	Morgana	Anivia
0.5501952832926981	72	Morgana	Ashe
0.47969857581952907	72	Morgana	Bard
0.47988683269700066	72	Morgana	Blitzcrank
0.4821406143418514	72	Morgana	Camille
0.4654878626111039	72	Morgana	Elise
0.5369582624580759	72	Morgana	Fiddlesticks
0.4714652552461769	72	Morgana	Heimerdinger
0.5035631497939109	72	Morgana	Hwei
0.48254471546456706	72	Morgana	Janna
0.5069991491314609	72	Morgana	JarvanIV
0.47914335989978624	72	Morgana	Karma
0.5154787463395516	72	Morgana	Leblanc
0.47744187109782316	72	Morgana	LeeSin
0.5358519907765308	72	Morgana	Leona
0.46838823108925653	72	Morgana	Lissandra
0.503450760104271	72	Morgana	Malphite
0.5192610493734084	72	Morgana	Maokai
0.45847559431185897	72	Morgana	Milio
0.5074500637154166	72	Morgana	MissFortune
0.5164322679380331	72	Morgana	Neeko
0.4741792769349164	72	Morgana	Nidalee
0.4817586760846723	72	Morgana	Pantheon
0.47250952128924045	72	Morgana	Pyke
0.5229696149595011	72	Morgana	Rakan
0.5112019024661297	72	Morgana	Rell
0.46948482203038955	72	Morgana	Senna
0.45983521405363187	72	Morgana	Shaco
0.522693341197455	72	Morgana	Shen
0.5034148560462139	72	Morgana	Sion
0.4608048819634748	72	Morgana	Sona
0.4822528871886945	72	Morgana	Soraka
0.5312377024719604	72	Morgana	Swain
0.5090142841432632	72	Morgana	Sylas
0.5054091871428666	72	Morgana	Taric
0.4809676189342593	72	Morgana	Teemo
0.480511259147982	72	Morgana	Veigar
0.47633435705953175	72	Morgana	Velkoz
0.4672362326389122	72	Morgana	Xerath
0.4833693880147823	72	Morgana	Yuumi
0.47936738885892605	72	Morgana	Zoe
0.5643566695551582	73	Lulu	Aatrox
0.5441092240795825	73	Lulu	Ahri
0.5015389281292285	73	Lulu	Annie
0.5636358784313179	73	Lulu	Ashe
0.5068454657620576	73	Lulu	Bard
0.5058636762282515	73	Lulu	Brand
0.47418663539651884	73	Lulu	Braum
0.5862672750343559	73	Lulu	Briar
0.5661071321168193	73	Lulu	Caitlyn
0.5600525343054037	73	Lulu	Camille
0.5462214555148766	73	Lulu	Chogath
0.5194372239371278	73	Lulu	Fiddlesticks
0.5155452543250154	73	Lulu	Galio
0.5057575096049617	73	Lulu	Gragas
0.571686512152295	73	Lulu	Heimerdinger
0.5403629767850883	73	Lulu	Hwei
0.47329153659361156	73	Lulu	Ivern
0.5011053710160496	73	Lulu	Janna
0.5858096753610934	73	Lulu	JarvanIV
0.6223154156562114	73	Lulu	Jhin
0.5735103397416967	73	Lulu	KSante
0.4784053642720588	73	Lulu	Karma
0.5525074339521956	73	Lulu	Kayle
0.5132733109042779	73	Lulu	Kennen
0.5230167259035782	73	Lulu	Leblanc
0.5417189599004671	73	Lulu	LeeSin
0.48649234250933016	73	Lulu	Leona
0.544379440351156	73	Lulu	Lissandra
0.5810387585423579	73	Lulu	Malphite
0.5611198620614263	73	Lulu	Malzahar
0.47780613072687717	73	Lulu	Maokai
0.5570641982285325	73	Lulu	Mel
0.5031170632701615	73	Lulu	Milio
0.579825492647511	73	Lulu	MissFortune
0.5116819448551039	73	Lulu	Morgana
0.48074607808045017	73	Lulu	Nami
0.5569824506461046	73	Lulu	Nasus
0.4857643698472759	73	Lulu	Nautilus
0.47878492760826385	73	Lulu	Neeko
0.5073750540454381	73	Lulu	Nidalee
0.5923542475481209	73	Lulu	Nunu
0.5912984602794568	73	Lulu	Orianna
0.5233987426020319	73	Lulu	Ornn
0.5310407317038585	73	Lulu	Pantheon
0.5227394345894709	73	Lulu	Poppy
0.5378774909006087	73	Lulu	Qiyana
0.4877424459113864	73	Lulu	Rakan
0.5140983290784954	73	Lulu	Rammus
0.508008591008364	73	Lulu	Renata
0.564557586946152	73	Lulu	Rengar
0.46950142437967657	73	Lulu	Rumble
0.5399955917386954	73	Lulu	Sejuani
0.48545839957467113	73	Lulu	Senna
0.4819067383078677	73	Lulu	Seraphine
0.5735103397416967	73	Lulu	Sett
0.5421920718345811	73	Lulu	Shaco
0.5419681615397582	73	Lulu	Shen
0.585345999530581	73	Lulu	Singed
0.4855417822292807	73	Lulu	Sion
0.6054294492033707	73	Lulu	Skarner
0.45008458198935297	73	Lulu	Sona
0.4848067324105914	73	Lulu	Soraka
0.5543320737150661	73	Lulu	Swain
0.5305879877659652	73	Lulu	Syndra
0.5136524231284019	73	Lulu	TahmKench
0.5397596702153	73	Lulu	Taliyah
0.4642615049025418	73	Lulu	Taric
0.5563915590811588	73	Lulu	Teemo
0.4820787684853005	73	Lulu	Thresh
0.5718188156944046	73	Lulu	Trundle
0.5744892322200561	73	Lulu	TwistedFate
0.6145167367159305	73	Lulu	Veigar
0.4734244027090248	73	Lulu	Velkoz
0.5417345444198476	73	Lulu	Vi
0.5685239670537583	73	Lulu	Wukong
0.5299157137014383	73	Lulu	Yuumi
0.5499119829176347	73	Lulu	Zac
0.5661071321168193	73	Lulu	Zed
0.6271868138257373	73	Lulu	Ziggs
0.5125845187600077	73	Lulu	Zoe
0.5125032772429344	73	Lulu	Zyra
0.4805852952144378	74	Alistar	Amumu
0.47049216351905426	74	Alistar	Anivia
0.5341528043949219	74	Alistar	Annie
0.527961481091751	74	Alistar	Ashe
0.4815817739689037	74	Alistar	Bard
0.5181456399916086	74	Alistar	Blitzcrank
0.4530139063086856	74	Alistar	Brand
0.5074159878188438	74	Alistar	Braum
0.4805172045223696	74	Alistar	Camille
0.462477838502518	74	Alistar	Elise
0.5433019844625505	74	Alistar	Fiddlesticks
0.5225246274958717	74	Alistar	Galio
0.45345231607737807	74	Alistar	Gragas
0.5067266345415233	74	Alistar	Heimerdinger
0.4319935830413771	74	Alistar	Hwei
0.48062918336000315	74	Alistar	Ivern
0.45605819841234857	74	Alistar	Janna
0.5168311053771123	74	Alistar	JarvanIV
0.5133722469181645	74	Alistar	KSante
0.4817753844928839	74	Alistar	Karma
0.5170414506289362	74	Alistar	Kennen
0.48313717283426005	74	Alistar	Leona
0.5216644236286309	74	Alistar	Lissandra
0.5067345131615449	74	Alistar	Lulu
0.517895781863487	74	Alistar	Malphite
0.48385158602478096	74	Alistar	Milio
0.47824933613887716	74	Alistar	Nami
0.5267035966627568	74	Alistar	Nautilus
0.5241823330538293	74	Alistar	Neeko
0.46298323794735047	74	Alistar	Nidalee
0.5081659601199757	74	Alistar	Orianna
0.4868954674393945	74	Alistar	Poppy
0.47147181046560527	74	Alistar	Rakan
0.472207225915375	74	Alistar	Rammus
0.5280182627656043	74	Alistar	Rengar
0.473362167322141	74	Alistar	Seraphine
0.5356811677841978	74	Alistar	Sett
0.5224716558228971	74	Alistar	Shaco
0.5082600476058634	74	Alistar	Shen
0.4844096648469873	74	Alistar	Sion
0.5545590008603948	74	Alistar	Skarner
0.4688889888480709	74	Alistar	Sona
0.4854501563605449	74	Alistar	Swain
0.5527844979677969	74	Alistar	Sylas
0.47751331541262715	74	Alistar	Taliyah
0.4626064210666455	74	Alistar	Taric
0.45345231607737807	74	Alistar	Teemo
0.5485231153476673	74	Alistar	Trundle
0.5234610104001757	74	Alistar	TwistedFate
0.5547769253677629	74	Alistar	Twitch
0.505895347206876	74	Alistar	Veigar
0.4722194385073128	74	Alistar	Velkoz
0.5512657934212215	74	Alistar	Yuumi
0.5385582050376224	74	Alistar	Zac
0.48614653590700535	74	Alistar	Zilean
0.540812449174364	74	Alistar	Zoe
0.5059497705314239	74	Alistar	Zyra
0.5668033432336322	75	Gragas	Alistar
0.4026822846293746	75	Gragas	Janna
0.5453236036195795	75	Gragas	Leona
0.3903159590133695	75	Gragas	Milio
0.42445616098498734	75	Gragas	Nami
0.5419907964334167	75	Gragas	Poppy
0.4349990435503975	75	Gragas	Pyke
0.5702599066259376	75	Gragas	Senna
0.6052851359954371	75	Gragas	Sona
0.4299247770820214	75	Gragas	Soraka
0.4408338019513875	75	Gragas	Swain
0.5639518521712673	75	Gragas	Yuumi
0.3993999264168806	75	Gragas	Zilean
0.5218803380206275	77	TahmKench	Annie
0.5429533170467359	77	TahmKench	Ashe
0.5399339999629797	77	TahmKench	Bard
0.5137210844871759	77	TahmKench	Brand
0.47683034377914907	77	TahmKench	Braum
0.5380043573970774	77	TahmKench	Camille
0.5260633070738391	77	TahmKench	Elise
0.5445767976358998	77	TahmKench	Ezreal
0.5119989417581375	77	TahmKench	Galio
0.4691473143130928	77	TahmKench	Janna
0.5270032086433145	77	TahmKench	Karma
0.527288164145138	77	TahmKench	Leblanc
0.4631693144447107	77	TahmKench	Leona
0.5739754220987003	77	TahmKench	Lux
0.5550198347915626	77	TahmKench	Malphite
0.519770358078276	77	TahmKench	Maokai
0.5553091170027553	77	TahmKench	Mel
0.5163047272884845	77	TahmKench	Morgana
0.4435002842382132	77	TahmKench	Nami
0.5246895488228881	77	TahmKench	Nautilus
0.47619017370250594	77	TahmKench	Neeko
0.4830931677611954	77	TahmKench	Nidalee
0.5532372571644198	77	TahmKench	Pantheon
0.477951933651117	77	TahmKench	Pyke
0.4459914886044662	77	TahmKench	Rakan
0.48218056197315906	77	TahmKench	Rell
0.4573579511909376	77	TahmKench	Seraphine
0.5703081048609704	77	TahmKench	Shaco
0.5709493266970092	77	TahmKench	Shen
0.5424325824003614	77	TahmKench	Sion
0.4824653891583762	77	TahmKench	Sona
0.46625865657470766	77	TahmKench	Soraka
0.5135191793732907	77	TahmKench	Swain
0.5381698275663055	77	TahmKench	Sylas
0.4521282993265633	77	TahmKench	Taric
0.5577143655867978	77	TahmKench	Teemo
0.5573201895968733	77	TahmKench	Twitch
0.5214081272311695	77	TahmKench	Veigar
0.5109135945011468	77	TahmKench	Yuumi
0.5209558679051061	77	TahmKench	Zac
0.4272609476438933	77	TahmKench	Zilean
0.5260633070738391	77	TahmKench	Zoe
0.5544170167674178	77	TahmKench	Zyra
0.48547179016297287	78	Pyke	Amumu
0.568541472785471	78	Pyke	Anivia
0.5393324658295208	78	Pyke	Annie
0.5075848601899543	78	Pyke	Bard
0.5075349865242722	78	Pyke	Blitzcrank
0.5273294779459251	78	Pyke	Brand
0.5311297117865157	78	Pyke	Camille
0.4672103968658821	78	Pyke	Elise
0.5911425921405887	78	Pyke	Ezreal
0.5526646221990863	78	Pyke	Fiddlesticks
0.5245745161015365	78	Pyke	Galio
0.5616161403864006	78	Pyke	Gragas
0.6185910601223606	78	Pyke	Heimerdinger
0.5860363701360867	78	Pyke	Ivern
0.5086046722228267	78	Pyke	Janna
0.5971642601994772	78	Pyke	JarvanIV
0.568146227520595	78	Pyke	KSante
0.5228983089193339	78	Pyke	Karma
0.4753627769077278	78	Pyke	Kennen
0.4607812153391298	78	Pyke	Leblanc
0.5783304886772068	78	Pyke	LeeSin
0.488905349330953	78	Pyke	Leona
0.5205147089199649	78	Pyke	Lissandra
0.6061343553391789	78	Pyke	Malphite
0.4307642633816393	78	Pyke	Maokai
0.4861824875160889	78	Pyke	Milio
0.5296073238819438	78	Pyke	MissFortune
0.5299142589494007	78	Pyke	Morgana
0.4719280161732677	78	Pyke	Nami
0.48973335133554563	78	Pyke	Nautilus
0.5120374297326403	78	Pyke	Nidalee
0.4850935674516863	78	Pyke	Orianna
0.5074863423786965	78	Pyke	Ornn
0.5131482275647815	78	Pyke	Pantheon
0.45062476380956246	78	Pyke	Poppy
0.46015698172527997	78	Pyke	Rakan
0.5667696998643856	78	Pyke	Rammus
0.529656707357172	78	Pyke	Rengar
0.5275993599474262	78	Pyke	Senna
0.5194986083855351	78	Pyke	Seraphine
0.4849567426669484	78	Pyke	Shaco
0.6313117816276966	78	Pyke	Singed
0.4513177595016768	78	Pyke	Sion
0.5196081192841017	78	Pyke	Skarner
0.48301158805130506	78	Pyke	Sona
0.4793055994695877	78	Pyke	Soraka
0.533245564140484	78	Pyke	Swain
0.5235318540098365	78	Pyke	Sylas
0.5266322938321354	78	Pyke	TahmKench
0.5279934084540151	78	Pyke	Taliyah
0.4613475661939205	78	Pyke	Teemo
0.4796613708164505	78	Pyke	Thresh
0.5720784848593492	78	Pyke	Trundle
0.523961722795505	78	Pyke	TwistedFate
0.6397858695262912	78	Pyke	Twitch
0.5269178055905936	78	Pyke	Veigar
0.5147154399961366	78	Pyke	Velkoz
0.46439851160704243	78	Pyke	Wukong
0.5325077633319475	78	Pyke	Xerath
0.5232476006467326	78	Pyke	Yuumi
0.5159311557704136	78	Pyke	Zac
0.4684847321964713	78	Pyke	Zilean
0.4769763513574161	78	Pyke	Zoe
0.4723584438575725	78	Pyke	Zyra
0.528725455583602	79	Velkoz	Alistar
0.5461456386727717	79	Velkoz	Amumu
0.5136755082202199	79	Velkoz	Anivia
0.4773102239945009	79	Velkoz	Annie
0.4860103224118731	79	Velkoz	Bard
0.5210110284153686	79	Velkoz	Brand
0.5478301893954617	79	Velkoz	Camille
0.5384198765606387	79	Velkoz	Elise
0.5258466945129077	79	Velkoz	Fiddlesticks
0.48110817624210017	79	Velkoz	Galio
0.5092813397122142	79	Velkoz	Gragas
0.5091046978922933	79	Velkoz	Heimerdinger
0.5250334394755147	79	Velkoz	Hwei
0.4622434496754121	79	Velkoz	Ivern
0.5132330542712605	79	Velkoz	JarvanIV
0.48127191745616243	79	Velkoz	Karma
0.5500154242717725	79	Velkoz	Leblanc
0.5112670324664214	79	Velkoz	Leona
0.5278086604852632	79	Velkoz	Lulu
0.5153601048787795	79	Velkoz	Lux
0.439737959794863	79	Velkoz	Maokai
0.47853285148713737	79	Velkoz	Milio
0.5292499970788249	79	Velkoz	MissFortune
0.5248361369830464	79	Velkoz	Morgana
0.4835635578141515	79	Velkoz	Nami
0.5105994783172126	79	Velkoz	Nautilus
0.5562025829893325	79	Velkoz	Neeko
0.47396349078547934	79	Velkoz	Nidalee
0.5216712373427209	79	Velkoz	Pantheon
0.5165495770924844	79	Velkoz	Poppy
0.48717233631862744	79	Velkoz	Rakan
0.48553513764932854	79	Velkoz	Rell
0.5256009513191088	79	Velkoz	Renata
0.5102698242935421	79	Velkoz	Senna
0.4755736192379509	79	Velkoz	Seraphine
0.4663585479242965	79	Velkoz	Shaco
0.4744453197023381	79	Velkoz	Sion
0.45420199111178267	79	Velkoz	Sona
0.5303020070201082	79	Velkoz	Swain
0.5121473908937936	79	Velkoz	Sylas
0.5161466532622568	79	Velkoz	Taric
0.510549769622246	79	Velkoz	Teemo
0.48488323180664594	79	Velkoz	Twitch
0.524021969026766	79	Velkoz	Veigar
0.5212128617004894	79	Velkoz	Xerath
0.4574686896959798	79	Velkoz	Yuumi
0.5369493768632982	79	Velkoz	Zac
0.486370751874078	79	Velkoz	Zilean
0.5194056563970985	79	Velkoz	Zyra
0.6083049302476878	80	Nautilus	Ahri
0.47367682625342317	80	Nautilus	Alistar
0.5047305013450933	80	Nautilus	Amumu
0.5411698708270375	80	Nautilus	Anivia
0.47518451918510635	80	Nautilus	Annie
0.6057416702132459	80	Nautilus	Ashe
0.4835012235266039	80	Nautilus	AurelionSol
0.5210861725900461	80	Nautilus	Bard
0.5086430946063679	80	Nautilus	Blitzcrank
0.4686387856054086	80	Nautilus	Braum
0.5464599956598921	80	Nautilus	Briar
0.5817724081563218	80	Nautilus	Camille
0.5463490288816146	80	Nautilus	Chogath
0.5090987114062993	80	Nautilus	Elise
0.5860951033876778	80	Nautilus	Ezreal
0.46301078330974554	80	Nautilus	Fiddlesticks
0.546608244197681	80	Nautilus	Galio
0.48923428680608255	80	Nautilus	Heimerdinger
0.5705716784685692	80	Nautilus	Hwei
0.5279138583342484	80	Nautilus	Ivern
0.48896513272017916	80	Nautilus	Janna
0.5199118039697531	80	Nautilus	JarvanIV
0.570669702758135	80	Nautilus	Jax
0.5292136863843402	80	Nautilus	Jhin
0.5570032014440068	80	Nautilus	KSante
0.5154725707448558	80	Nautilus	Karma
0.5531807917797793	80	Nautilus	Kennen
0.5582337086562211	80	Nautilus	Leblanc
0.5361838955881255	80	Nautilus	LeeSin
0.4670176752516511	80	Nautilus	Leona
0.4801081650790714	80	Nautilus	Lissandra
0.5148604120908596	80	Nautilus	Lulu
0.5208431939301663	80	Nautilus	Lux
0.4785218497376019	80	Nautilus	Malphite
0.4871573018050333	80	Nautilus	Maokai
0.5758377910243814	80	Nautilus	Mel
0.5375465975678427	80	Nautilus	MissFortune
0.5173116453435134	80	Nautilus	Neeko
0.535129012369912	80	Nautilus	Nidalee
0.5309883079545494	80	Nautilus	Nunu
0.5344060465747967	80	Nautilus	Orianna
0.49069984454850246	80	Nautilus	Ornn
0.5351849512614454	80	Nautilus	Pantheon
0.5320587163849354	80	Nautilus	Poppy
0.5109681924230842	80	Nautilus	Pyke
0.529880140274935	80	Nautilus	Qiyana
0.5193567801493766	80	Nautilus	Quinn
0.47632130005098794	80	Nautilus	Rakan
0.5058632425552725	80	Nautilus	Rammus
0.45209061739086914	80	Nautilus	Rell
0.4307412557244601	80	Nautilus	Renata
0.5349146014388717	80	Nautilus	Rengar
0.5646416527961251	80	Nautilus	Rumble
0.5319654025708702	80	Nautilus	Senna
0.4693865734528086	80	Nautilus	Seraphine
0.5308651890397935	80	Nautilus	Sett
0.48445272108368337	80	Nautilus	Shaco
0.4820607472926078	80	Nautilus	Shen
0.4541693541138365	80	Nautilus	Singed
0.4888592339418457	80	Nautilus	Sion
0.5071858056239097	80	Nautilus	Sona
0.4857630093686815	80	Nautilus	Soraka
0.4570983357485327	80	Nautilus	Swain
0.5425224073025063	80	Nautilus	Sylas
0.5054505889386232	80	Nautilus	Syndra
0.4772480012292253	80	Nautilus	TahmKench
0.4225517935052133	80	Nautilus	Taric
0.5055910815049236	80	Nautilus	Teemo
0.47166092122790176	80	Nautilus	Thresh
0.46429010703963064	80	Nautilus	Trundle
0.5336174931354796	80	Nautilus	TwistedFate
0.5610037840525695	80	Nautilus	Twitch
0.5667088384338329	80	Nautilus	Veigar
0.4903853312792994	80	Nautilus	Velkoz
0.5464599956598921	80	Nautilus	Vex
0.5674934157715281	80	Nautilus	Vi
0.5279661584329237	80	Nautilus	Wukong
0.5414147253737782	80	Nautilus	Xerath
0.5198308099691938	80	Nautilus	XinZhao
0.5475776518378007	80	Nautilus	Yuumi
0.5057511107677869	80	Nautilus	Zac
0.5193567801493766	80	Nautilus	Zed
0.5129176833198705	80	Nautilus	Ziggs
0.4859381305249909	80	Nautilus	Zilean
0.5241173444780104	80	Nautilus	Zoe
0.5230738299198212	80	Nautilus	Zyra
0.5468852601368318	81	Rell	Amumu
0.5289759435738812	81	Rell	Anivia
0.48353861612716426	81	Rell	Annie
0.4494410939515669	81	Rell	Ashe
0.5135484347947472	81	Rell	Blitzcrank
0.5202657611621746	81	Rell	Elise
0.5521476297587422	81	Rell	Ezreal
0.5218935621751694	81	Rell	Galio
0.5129934957217631	81	Rell	Gragas
0.5164435943871227	81	Rell	JarvanIV
0.5111850985687685	81	Rell	Karma
0.47085851973756765	81	Rell	Leona
0.47083113760487133	81	Rell	Maokai
0.5506459345809159	81	Rell	Mel
0.520207870892947	81	Rell	Milio
0.48714738243465827	81	Rell	Morgana
0.45502719923103396	81	Rell	Nami
0.5482486031898978	81	Rell	Nautilus
0.5204880428464693	81	Rell	Nidalee
0.47219212111725734	81	Rell	Renata
0.48054354114786435	81	Rell	Seraphine
0.552627014778686	81	Rell	Shaco
0.5127789361343881	81	Rell	Shen
0.4687352755032294	81	Rell	Sion
0.5482599030266713	81	Rell	Skarner
0.4850058965080567	81	Rell	Soraka
0.453099246560788	81	Rell	Swain
0.47408051405528506	81	Rell	Sylas
0.5211109785211188	81	Rell	TahmKench
0.5357212926751767	81	Rell	Teemo
0.4689169559703235	81	Rell	Thresh
0.5266782481494348	81	Rell	Twitch
0.5173796149172772	81	Rell	Velkoz
0.5471676315671178	81	Rell	Yuumi
0.5432047690202132	81	Rell	Zac
0.40001535829962925	81	Rell	Zilean
0.48157917534000366	82	Senna	Amumu
0.4559607448649183	82	Senna	Anivia
0.48065418396503523	82	Senna	Bard
0.4783736938566909	82	Senna	Blitzcrank
0.5092978375325712	82	Senna	Braum
0.45599996865847114	82	Senna	Camille
0.48503836315153603	82	Senna	Chogath
0.48873512844999256	82	Senna	Elise
0.6076374203324538	82	Senna	Ezreal
0.530625338543921	82	Senna	Fiddlesticks
0.5438081031597065	82	Senna	Galio
0.4584686163571045	82	Senna	Gragas
0.5748318137984999	82	Senna	Heimerdinger
0.4691793588758045	82	Senna	Ivern
0.5096336925399437	82	Senna	Kennen
0.47747773039446434	82	Senna	Leblanc
0.4861579999749275	82	Senna	LeeSin
0.5151877287177825	82	Senna	Lulu
0.4862424593588547	82	Senna	Malphite
0.48040813295942547	82	Senna	Maokai
0.5973077249148978	82	Senna	Mel
0.5161222922430423	82	Senna	Milio
0.5415068548595882	82	Senna	MissFortune
0.5312062952921704	82	Senna	Morgana
0.48633030264556015	82	Senna	Nami
0.46874411479302197	82	Senna	Nautilus
0.5126741242091559	82	Senna	Neeko
0.5102122724237975	82	Senna	Nunu
0.5100118421646568	82	Senna	Orianna
0.5237654395911951	82	Senna	Pantheon
0.4740081657167668	82	Senna	Pyke
0.5224425521046091	82	Senna	Rakan
0.4365762270594817	82	Senna	Renata
0.45729638897649144	82	Senna	Rengar
0.49156638088158366	82	Senna	Seraphine
0.544065317525784	82	Senna	Shaco
0.5202789178336952	82	Senna	Shen
0.46070575665220465	82	Senna	Sion
0.4914387886615447	82	Senna	Sona
0.5417678015047112	82	Senna	Sylas
0.48503836315153603	82	Senna	Taliyah
0.5100118421646568	82	Senna	Trundle
0.529638253488514	82	Senna	TwistedFate
0.4774095588630575	82	Senna	Twitch
0.49035816479914324	82	Senna	Velkoz
0.5153787153091148	82	Senna	Zoe
0.4763394190803801	82	Senna	Zyra
0.5758673378167966	83	Karma	Aatrox
0.6128269235800687	83	Karma	Ahri
0.5194343216940999	83	Karma	Alistar
0.520788471841284	83	Karma	Amumu
0.5186556870071106	83	Karma	Anivia
0.49076694887474126	83	Karma	Annie
0.5501162323678772	83	Karma	Ashe
0.5296753730898053	83	Karma	AurelionSol
0.48401089028165145	83	Karma	Bard
0.49031890744253204	83	Karma	Blitzcrank
0.550467162203365	83	Karma	Brand
0.4801138351425676	83	Karma	Braum
0.5648932314307461	83	Karma	Caitlyn
0.5289535991841816	83	Karma	Camille
0.4629723239059697	83	Karma	Chogath
0.5479692230352317	83	Karma	DrMundo
0.5551671913548226	83	Karma	Ekko
0.482703241899623	83	Karma	Elise
0.5690818053834187	83	Karma	Ezreal
0.4854040177184219	83	Karma	Fiddlesticks
0.5185523681253504	83	Karma	Galio
0.5372222823686515	83	Karma	Gragas
0.6253557579906531	83	Karma	Heimerdinger
0.5100315920608981	83	Karma	Hwei
0.46995813619538207	83	Karma	Janna
0.5183951495883588	83	Karma	JarvanIV
0.5371513755934589	83	Karma	Jax
0.5224174381041832	83	Karma	Jhin
0.5434612779455048	83	Karma	KSante
0.5524132490505247	83	Karma	Kayle
0.5146895929751524	83	Karma	Leblanc
0.5478457648374249	83	Karma	LeeSin
0.4939436563654804	83	Karma	Lissandra
0.5221571289303342	83	Karma	Lulu
0.5139889865474159	83	Karma	Lux
0.5581792407723813	83	Karma	Malphite
0.5157600421007771	83	Karma	Malzahar
0.48962453339079326	83	Karma	Maokai
0.5226250971701417	83	Karma	MasterYi
0.5692801277988104	83	Karma	Mel
0.5147777778972232	83	Karma	Milio
0.6656679179507689	83	Karma	MissFortune
0.5220617745517554	83	Karma	Morgana
0.4829585501377891	83	Karma	Nami
0.4849334112692183	83	Karma	Nautilus
0.5227353815389346	83	Karma	Neeko
0.5079012633695135	83	Karma	Nidalee
0.5319568485369358	83	Karma	Nunu
0.5890039637751985	83	Karma	Orianna
0.5787021949686132	83	Karma	Ornn
0.5199345154576862	83	Karma	Pantheon
0.48964697018939435	83	Karma	Poppy
0.47810411267185376	83	Karma	Pyke
0.5238774086232408	83	Karma	Qiyana
0.4827115761653217	83	Karma	Rammus
0.5625567776551329	83	Karma	RekSai
0.4902298009127486	83	Karma	Rell
0.5078198352498091	83	Karma	Renata
0.5381698180185445	83	Karma	Rengar
0.5339938666710405	83	Karma	Rumble
0.5593944823336416	83	Karma	Sejuani
0.49278234891805844	83	Karma	Senna
0.4946225001607828	83	Karma	Seraphine
0.5319568485369358	83	Karma	Sett
0.5378964014793208	83	Karma	Shaco
0.5113098906279447	83	Karma	Shen
0.5215394274412506	83	Karma	Singed
0.5343352802947529	83	Karma	Sion
0.5219266009559116	83	Karma	Skarner
0.4758100498894505	83	Karma	Sona
0.5430482518217497	83	Karma	Swain
0.5428952942427546	83	Karma	Sylas
0.4672757295011	83	Karma	Syndra
0.47564743604138066	83	Karma	TahmKench
0.546473486178799	83	Karma	Taliyah
0.4471607713659476	83	Karma	Taric
0.48413955972263034	83	Karma	Teemo
0.4857774487833903	83	Karma	Thresh
0.5573372970258336	83	Karma	Trundle
0.5619184023933566	83	Karma	TwistedFate
0.6598123440525511	83	Karma	Twitch
0.5835937081614737	83	Karma	Varus
0.5431654943217145	83	Karma	Vayne
0.5322689833390621	83	Karma	Veigar
0.5205057810519107	83	Karma	Velkoz
0.5350038165204392	83	Karma	Vi
0.5511368744658967	83	Karma	Wukong
0.5367219194624823	83	Karma	Xerath
0.5683029077728378	83	Karma	XinZhao
0.48600263342079325	83	Karma	Yuumi
0.5749441409049888	83	Karma	Zac
0.48948860926474674	83	Karma	Zed
0.6061059392878635	83	Karma	Ziggs
0.4761381612438993	83	Karma	Zilean
0.5261598801648809	83	Karma	Zoe
0.48181413078432317	83	Karma	Zyra
0.5175626778276388	84	Poppy	Anivia
0.4616272208048751	84	Poppy	Annie
0.46618177181189335	84	Poppy	Ashe
0.4827000804301218	84	Poppy	Blitzcrank
0.5683802695203747	84	Poppy	Brand
0.5566075658975277	84	Poppy	Camille
0.4833376428558821	84	Poppy	Elise
0.59375766747696	84	Poppy	Ezreal
0.4685089667322065	84	Poppy	Galio
0.47176446259194627	84	Poppy	Gragas
0.5541429132071426	84	Poppy	Hwei
0.4598126524428049	84	Poppy	Janna
0.47423301253606853	84	Poppy	JarvanIV
0.5317397822087593	84	Poppy	Leblanc
0.4804742450411572	84	Poppy	Lulu
0.4807628537242759	84	Poppy	Maokai
0.46077237795353077	84	Poppy	Milio
0.46889098310651184	84	Poppy	Nautilus
0.5425963613268351	84	Poppy	Nidalee
0.5248088879578869	84	Poppy	Pantheon
0.550201268219841	84	Poppy	Pyke
0.5160433660904233	84	Poppy	Rakan
0.5186721200917573	84	Poppy	Shaco
0.4555286280221575	84	Poppy	Sion
0.5218849733168106	84	Poppy	Sona
0.45080086319913937	84	Poppy	Soraka
0.5186162034352179	84	Poppy	Swain
0.5639866567232524	84	Poppy	Sylas
0.5215410258503945	84	Poppy	TahmKench
0.46257110057487255	84	Poppy	Taric
0.4451125645507074	84	Poppy	Teemo
0.5217495372039244	84	Poppy	Veigar
0.4842729364183393	84	Poppy	Velkoz
0.48032637055172556	84	Poppy	Xerath
0.5219198542376559	84	Poppy	Yuumi
0.526075261966992	84	Poppy	Zac
0.5623259775706427	84	Poppy	Zoe
0.4575175144556659	84	Poppy	Zyra
0.4625545674817272	85	Annie	Alistar
0.5744384772933784	85	Annie	Ezreal
0.5335703682653093	85	Annie	Leona
0.4653533481147428	85	Annie	Maokai
0.4017694726003261	85	Annie	Milio
0.5357648053922367	85	Annie	Nautilus
0.5570695531451147	85	Annie	Neeko
0.5587795959920414	85	Annie	Pantheon
0.5513995140411354	85	Annie	Poppy
0.5329670631167154	85	Annie	Rell
0.46090344946361805	85	Annie	Shaco
0.4312799561850424	85	Annie	Sona
0.5864546186146992	85	Annie	Swain
0.5453953224064186	85	Annie	Velkoz
0.5590189404469015	85	Annie	Yuumi
0.4542438628315992	85	Annie	Zilean
0.5432017106187704	86	Elise	Alistar
0.4051193407919084	86	Elise	Anivia
0.5643994395218288	86	Elise	Ashe
0.4817917909159474	86	Elise	Brand
0.47097985091119554	86	Elise	Braum
0.6008108938741901	86	Elise	Ezreal
0.529127128080032	86	Elise	Fiddlesticks
0.47980694469954466	86	Elise	Janna
0.5205200669869808	86	Elise	Karma
0.5275809912454058	86	Elise	Lux
0.4667151832784694	86	Elise	Maokai
0.5783035115504411	86	Elise	Mel
0.48392341427203023	86	Elise	Milio
0.5450564684676296	86	Elise	Morgana
0.48178295832759455	86	Elise	Nami
0.5314071600268666	86	Elise	Pantheon
0.5220730510375662	86	Elise	Poppy
0.5357650633765509	86	Elise	Pyke
0.48227176275779665	86	Elise	Rell
0.5577400078085479	86	Elise	Renata
0.5455337850425728	86	Elise	Shen
0.4840608926981635	86	Elise	Sona
0.5859351273898389	86	Elise	Sylas
0.4837193095899001	86	Elise	TahmKench
0.4707504112197025	86	Elise	Taric
0.4615108214947953	86	Elise	Velkoz
0.47613444042147957	86	Elise	Yuumi
0.5202459728967773	86	Elise	Zilean
0.529799002323957	86	Elise	Zoe
0.4829836437646349	87	Blitzcrank	Alistar
0.48601162364422357	87	Blitzcrank	Amumu
0.45780576718676946	87	Blitzcrank	Anivia
0.5392186680648325	87	Blitzcrank	Annie
0.5590473999878857	87	Blitzcrank	Ashe
0.5121833466440073	87	Blitzcrank	Bard
0.48403099626087837	87	Blitzcrank	Brand
0.45859523620823966	87	Blitzcrank	Braum
0.5148342788528902	87	Blitzcrank	Camille
0.5633785876157946	87	Blitzcrank	DrMundo
0.49359155376406383	87	Blitzcrank	Elise
0.6362720846835611	87	Blitzcrank	Ezreal
0.5143104244308093	87	Blitzcrank	Fiddlesticks
0.5313772382792964	87	Blitzcrank	Galio
0.5122412921672522	87	Blitzcrank	Gragas
0.5357651083460242	87	Blitzcrank	Heimerdinger
0.5670424924827655	87	Blitzcrank	Jax
0.5511194985711103	87	Blitzcrank	Jhin
0.511518182852598	87	Blitzcrank	KSante
0.5476170487286525	87	Blitzcrank	Kennen
0.55641807104577	87	Blitzcrank	Leblanc
0.5654936685641802	87	Blitzcrank	LeeSin
0.4642912653717593	87	Blitzcrank	Leona
0.5427368591768784	87	Blitzcrank	Lissandra
0.5323444579439573	87	Blitzcrank	Lux
0.5400604019009968	87	Blitzcrank	Malphite
0.489766636199371	87	Blitzcrank	Maokai
0.5340559133027254	87	Blitzcrank	Milio
0.5745620842908438	87	Blitzcrank	MissFortune
0.5215419535438437	87	Blitzcrank	Morgana
0.49251959971438136	87	Blitzcrank	Nautilus
0.5283986020950757	87	Blitzcrank	Neeko
0.6016416601668131	87	Blitzcrank	Nidalee
0.55655572146799	87	Blitzcrank	Ornn
0.5219874573761443	87	Blitzcrank	Poppy
0.4946370735663474	87	Blitzcrank	Pyke
0.4689200254834229	87	Blitzcrank	Rakan
0.46613615503984335	87	Blitzcrank	Rammus
0.489320870433472	87	Blitzcrank	Rell
0.5656821330689196	87	Blitzcrank	Renata
0.5818745232770937	87	Blitzcrank	Rengar
0.5827820537510573	87	Blitzcrank	Rumble
0.5232510591693101	87	Blitzcrank	Senna
0.5436311964563304	87	Blitzcrank	Sett
0.4957986298945893	87	Blitzcrank	Shen
0.5535426855430031	87	Blitzcrank	Sion
0.5423915453997796	87	Blitzcrank	Skarner
0.5365971356523043	87	Blitzcrank	Sona
0.4889786111699888	87	Blitzcrank	Soraka
0.49593051509407554	87	Blitzcrank	Swain
0.527336736449277	87	Blitzcrank	Sylas
0.4911290504700683	87	Blitzcrank	Syndra
0.529826038477507	87	Blitzcrank	Teemo
0.4862509291223168	87	Blitzcrank	Thresh
0.5423915453997796	87	Blitzcrank	Trundle
0.5299409529224489	87	Blitzcrank	Veigar
0.5415484608107287	87	Blitzcrank	Xerath
0.5133602742459532	87	Blitzcrank	Yuumi
0.5332074193161257	87	Blitzcrank	Zac
0.45168362967000764	87	Blitzcrank	Zilean
0.5669744469167438	87	Blitzcrank	Zoe
0.5115723836159173	87	Blitzcrank	Zyra
0.5295656265229862	88	Rakan	Alistar
0.5564442287288414	88	Rakan	Amumu
0.48725580043397226	88	Rakan	Ashe
0.4876030868109907	88	Rakan	Bard
0.5329657004515317	88	Rakan	Blitzcrank
0.5278377817634343	88	Rakan	Brand
0.5676880845663235	88	Rakan	Camille
0.5826789713003544	88	Rakan	Ezreal
0.5540200585689878	88	Rakan	Fiddlesticks
0.48752855502611275	88	Rakan	Gragas
0.4792140280638116	88	Rakan	Heimerdinger
0.47727528256413515	88	Rakan	Hwei
0.47429278453877577	88	Rakan	Ivern
0.4440566456367755	88	Rakan	Janna
0.554212911790447	88	Rakan	JarvanIV
0.5151290300508506	88	Rakan	KSante
0.5664126311364179	88	Rakan	Leblanc
0.5397216961256003	88	Rakan	LeeSin
0.49111594081474785	88	Rakan	Leona
0.5135711359606471	88	Rakan	Lulu
0.4460327142513174	88	Rakan	Lux
0.5298110574734072	88	Rakan	Malphite
0.5613411815175856	88	Rakan	Mel
0.5299438017190249	88	Rakan	MissFortune
0.47590710998188596	88	Rakan	Morgana
0.524501513005553	88	Rakan	Nautilus
0.4948482705714919	88	Rakan	Neeko
0.5707028274931953	88	Rakan	Pantheon
0.4861645601151709	88	Rakan	Poppy
0.5402154163535317	88	Rakan	Pyke
0.4814177208135845	88	Rakan	Rammus
0.5253795216226201	88	Rakan	Renata
0.47869466349820683	88	Rakan	Senna
0.4943077939419694	88	Rakan	Seraphine
0.5320622391088505	88	Rakan	Shen
0.5137244762797161	88	Rakan	Sion
0.5151290300508506	88	Rakan	Skarner
0.4765427859304581	88	Rakan	Sona
0.4848924660335707	88	Rakan	Soraka
0.5375523203073456	88	Rakan	Sylas
0.557371852108231	88	Rakan	TahmKench
0.5414562451906909	88	Rakan	Taric
0.5223668237786049	88	Rakan	Teemo
0.4866964381287245	88	Rakan	Thresh
0.5652285897671295	88	Rakan	Trundle
0.49559186444402237	88	Rakan	TwistedFate
0.5411202465780501	88	Rakan	Veigar
0.5158623838273079	88	Rakan	Velkoz
0.4896084495626746	88	Rakan	Xerath
0.5333188129060882	88	Rakan	Yuumi
0.52350780919103	88	Rakan	Zac
0.48818061492674913	88	Rakan	Zilean
0.4886766145180181	88	Rakan	Zoe
0.48587308760407305	88	Rakan	Zyra
0.5438627196162199	89	Amumu	Brand
0.5328912485619834	89	Amumu	Braum
0.5970410756137887	89	Amumu	Ezreal
0.540631546893795	89	Amumu	Janna
0.5516446874412807	89	Amumu	Mel
0.5438627196162199	89	Amumu	Pantheon
0.43575211912251494	89	Amumu	Rakan
0.4388641592217037	89	Amumu	Rell
0.5488838554764374	89	Amumu	Renata
0.5505322040820444	89	Amumu	Seraphine
0.4598864021860061	89	Amumu	Shaco
0.4553562596485839	89	Amumu	Soraka
0.5715324500617476	89	Amumu	Swain
0.4209095257899762	89	Amumu	Sylas
0.43076715357400935	89	Amumu	Taric
0.4382928664536349	89	Amumu	Velkoz
0.4766654906056795	89	Amumu	Xerath
0.5320584774905112	89	Amumu	Yuumi
0.4156774556059375	89	Amumu	Zyra
0.5672954375926919	90	Zyra	Amumu
0.5668395964535704	90	Zyra	Anivia
0.516508370782134	90	Zyra	Annie
0.4710084874582565	90	Zyra	Ashe
0.4942519198594456	90	Zyra	Blitzcrank
0.5781086846845523	90	Zyra	Brand
0.4764414607390815	90	Zyra	Braum
0.5494809535830516	90	Zyra	Camille
0.5172575989293042	90	Zyra	Elise
0.5304690493776586	90	Zyra	Fiddlesticks
0.533546735710979	90	Zyra	Galio
0.5436372320578818	90	Zyra	JarvanIV
0.5197521896978314	90	Zyra	Karma
0.5284853830814693	90	Zyra	Leblanc
0.5187036400209407	90	Zyra	LeeSin
0.5184688213553257	90	Zyra	Leona
0.49055809801512595	90	Zyra	Lulu
0.5254849445709925	90	Zyra	Lux
0.5429237367637693	90	Zyra	Malphite
0.4834698474910084	90	Zyra	Maokai
0.5433095318215361	90	Zyra	MissFortune
0.47994664173839646	90	Zyra	Nautilus
0.5226172336627418	90	Zyra	Neeko
0.5277152343117272	90	Zyra	Nidalee
0.5211375869116903	90	Zyra	Pantheon
0.5438220766093717	90	Zyra	Poppy
0.5297573944662722	90	Zyra	Pyke
0.5184336444181178	90	Zyra	Rakan
0.5361353749758407	90	Zyra	Renata
0.5255397825642013	90	Zyra	Senna
0.5339560456780751	90	Zyra	Seraphine
0.5498849705535653	90	Zyra	Sion
0.4872091169524149	90	Zyra	Soraka
0.45653123632721	90	Zyra	TahmKench
0.4704484062152381	90	Zyra	Taric
0.5556356389975756	90	Zyra	Twitch
0.5321223340248363	90	Zyra	Veigar
0.4852197299642972	90	Zyra	Velkoz
0.4558436221425329	90	Zyra	Yuumi
0.49406596176115747	90	Zyra	Zac
0.5320573703750076	90	Zyra	Zilean
0.5467923831700537	90	Zyra	Zoe
0.5181182020823202	91	Milio	Alistar
0.5196863741120121	91	Milio	Amumu
0.5984563898924086	91	Milio	Annie
0.4894120701420423	91	Milio	Bard
0.46807708047350055	91	Milio	Blitzcrank
0.5267304835532762	91	Milio	Brand
0.4779794857791346	91	Milio	Braum
0.5605046556867244	91	Milio	Camille
0.5527120440670903	91	Milio	Chogath
0.5229873336577583	91	Milio	Elise
0.5124555158788312	91	Milio	Fiddlesticks
0.5391757799388449	91	Milio	Galio
0.5853854826340528	91	Milio	Gragas
0.5141385556398484	91	Milio	Heimerdinger
0.5210004744603008	91	Milio	Hwei
0.45431030293119146	91	Milio	JarvanIV
0.4863528139720011	91	Milio	Karma
0.5697732465077575	91	Milio	Leblanc
0.5258047024832612	91	Milio	LeeSin
0.5382910522438481	91	Milio	Lux
0.5221040813732202	91	Milio	Malphite
0.5703489384804478	91	Milio	Mel
0.5445339746526972	91	Milio	Morgana
0.4976482813086596	91	Milio	Nautilus
0.5252858015058531	91	Milio	Neeko
0.5224319441209729	91	Milio	Nidalee
0.5301138271074163	91	Milio	Nunu
0.541062111533112	91	Milio	Orianna
0.5537727912032507	91	Milio	Pantheon
0.5426857282722448	91	Milio	Poppy
0.5154649279224156	91	Milio	Pyke
0.4416508298889651	91	Milio	Rammus
0.48228670543212243	91	Milio	Rell
0.5649257397797002	91	Milio	Renata
0.4847149608967762	91	Milio	Senna
0.5314753802093977	91	Milio	Seraphine
0.52386524118182	91	Milio	Sett
0.577848050212788	91	Milio	Shaco
0.572528323591481	91	Milio	Shen
0.5721671167749594	91	Milio	Sion
0.5233155877083523	91	Milio	Skarner
0.487197633830232	91	Milio	Sona
0.48912338178358217	91	Milio	Soraka
0.5209943333971624	91	Milio	Swain
0.5453967516127001	91	Milio	Sylas
0.5553149340831298	91	Milio	Syndra
0.5539695267583411	91	Milio	Taliyah
0.489880457534959	91	Milio	Taric
0.5167971251142427	91	Milio	Teemo
0.5181859772819539	91	Milio	Trundle
0.5162479466105286	91	Milio	TwistedFate
0.5994670073990559	91	Milio	Twitch
0.5143759049677441	91	Milio	Veigar
0.5241986187633239	91	Milio	Velkoz
0.5574706735453094	91	Milio	Xerath
0.5152080513252775	91	Milio	Yuumi
0.5154746660408605	91	Milio	Zac
0.5693786858585099	91	Milio	Ziggs
0.491785097314528	91	Milio	Zilean
0.4835367219264508	91	Milio	Zoe
0.5398535640228717	92	Seraphine	Ahri
0.5292794517019414	92	Seraphine	Alistar
0.47156701273446283	92	Seraphine	Amumu
0.4979903971180302	92	Seraphine	Anivia
0.5218682943918407	92	Seraphine	Annie
0.5360680315825691	92	Seraphine	Ashe
0.4944644532475271	92	Seraphine	Blitzcrank
0.5187665182971192	92	Seraphine	Braum
0.5268397069563431	92	Seraphine	Camille
0.4919131361993194	92	Seraphine	Elise
0.5475999197776082	92	Seraphine	Fiddlesticks
0.5732625570308294	92	Seraphine	Galio
0.5378602923311356	92	Seraphine	Gragas
0.5434779553725856	92	Seraphine	Heimerdinger
0.55025692945331	92	Seraphine	Hwei
0.5357670942590924	92	Seraphine	JarvanIV
0.4692418255567925	92	Seraphine	Leblanc
0.52191953036311	92	Seraphine	LeeSin
0.5167205111953556	92	Seraphine	Leona
0.5168800451500061	92	Seraphine	Lissandra
0.5194425645572786	92	Seraphine	Lulu
0.5214786566595386	92	Seraphine	Lux
0.5615243577426468	92	Seraphine	Malphite
0.4928677973230398	92	Seraphine	Maokai
0.47082139934133443	92	Seraphine	Milio
0.5790921911846878	92	Seraphine	MissFortune
0.48616691625514635	92	Seraphine	Nami
0.5316713927332816	92	Seraphine	Nautilus
0.542261484844341	92	Seraphine	Nidalee
0.5428623943681041	92	Seraphine	Orianna
0.5266819930373813	92	Seraphine	Pantheon
0.48339109049149054	92	Seraphine	Pyke
0.495507076615435	92	Seraphine	Rammus
0.5242137982538153	92	Seraphine	Rell
0.5390789051374619	92	Seraphine	Renata
0.5584283032792092	92	Seraphine	Rengar
0.5347365045876339	92	Seraphine	Sett
0.5258169788599875	92	Seraphine	Shaco
0.5629243327766038	92	Seraphine	Singed
0.5242080676091169	92	Seraphine	Sion
0.5428623943681041	92	Seraphine	Skarner
0.4764180390110675	92	Seraphine	Soraka
0.5221285506378087	92	Seraphine	Swain
0.5471361355348913	92	Seraphine	Syndra
0.5479650981292866	92	Seraphine	TahmKench
0.5445438615806837	92	Seraphine	Taliyah
0.5180741230975542	92	Seraphine	Teemo
0.542261484844341	92	Seraphine	Twitch
0.5693707956482619	92	Seraphine	Veigar
0.5275191830158168	92	Seraphine	Velkoz
0.5425541945586212	92	Seraphine	Xerath
0.49213485630076514	92	Seraphine	Yuumi
0.5525735998748533	92	Seraphine	Zac
0.514830886994968	92	Seraphine	Ziggs
0.46424830697855274	92	Seraphine	Zilean
0.5204622227614922	92	Seraphine	Zoe
0.4698250595666648	92	Seraphine	Zyra
0.5390098904917335	93	Bard	Ahri
0.5202538723576494	93	Bard	Alistar
0.4780341725076174	93	Bard	Anivia
0.555709836693984	93	Bard	Ashe
0.49014119802956657	93	Bard	Blitzcrank
0.5254407851513382	93	Bard	Briar
0.5707518199911952	93	Bard	Camille
0.5345739033440193	93	Bard	Chogath
0.5576972175371098	93	Bard	Fiddlesticks
0.5182703535865152	93	Bard	Gragas
0.48964790747073306	93	Bard	Heimerdinger
0.5272465433133866	93	Bard	Hwei
0.5157457862191352	93	Bard	Ivern
0.49633311404624586	93	Bard	Janna
0.5187541130695866	93	Bard	JarvanIV
0.5312669002110044	93	Bard	Jhin
0.5651203087095625	93	Bard	KSante
0.5167952452099673	93	Bard	Karma
0.5350061564227293	93	Bard	Kennen
0.5359280910070998	93	Bard	Leblanc
0.5403170384941405	93	Bard	LeeSin
0.5239910454739672	93	Bard	Lissandra
0.4944118075382611	93	Bard	Lulu
0.5510754102782547	93	Bard	Lux
0.5763092295944242	93	Bard	Malphite
0.4962474007889515	93	Bard	Maokai
0.5644687011673482	93	Bard	Mel
0.5694538783471569	93	Bard	MissFortune
0.5223720670347748	93	Bard	Morgana
0.4799853367917393	93	Bard	Nautilus
0.5204602951083913	93	Bard	Neeko
0.5494072692077853	93	Bard	Nidalee
0.5786328890598655	93	Bard	Nunu
0.4900189172933662	93	Bard	Poppy
0.49418885259003614	93	Bard	Pyke
0.514370927379632	93	Bard	Rakan
0.4828069524801758	93	Bard	Rammus
0.558918388133071	93	Bard	Renata
0.5179005197985479	93	Bard	Rengar
0.5162676637122747	93	Bard	Rumble
0.5206165534419044	93	Bard	Senna
0.5203354789988828	93	Bard	Sett
0.6061591355578231	93	Bard	Shen
0.5582283841086207	93	Bard	Sion
0.5147602892957246	93	Bard	Skarner
0.49906190906787257	93	Bard	Soraka
0.541406430051469	93	Bard	Swain
0.5487088585053266	93	Bard	Sylas
0.5283962841856665	93	Bard	Syndra
0.46523547073874527	93	Bard	TahmKench
0.4671456052638673	93	Bard	Taliyah
0.5003617389373306	93	Bard	Teemo
0.49248165854637055	93	Bard	Thresh
0.5530187118663792	93	Bard	Trundle
0.5537325537363985	93	Bard	Twitch
0.5658987245147781	93	Bard	Veigar
0.5166779934249804	93	Bard	Velkoz
0.5571171182547904	93	Bard	Wukong
0.5251481971694864	93	Bard	Xerath
0.5279098311875619	93	Bard	Yuumi
0.5393294445061889	93	Bard	Zac
0.5413760257802817	93	Bard	Ziggs
0.48478103385877336	93	Bard	Zilean
0.5378701294134821	93	Bard	Zoe
0.5236660805602275	94	Leona	Ahri
0.5173726271084763	94	Leona	Alistar
0.49227691496582143	94	Leona	Amumu
0.5287894505952299	94	Leona	Anivia
0.48494701090450126	94	Leona	Annie
0.5193380425401177	94	Leona	Ashe
0.4911767869498219	94	Leona	Bard
0.5364433874579148	94	Leona	Blitzcrank
0.492422414668135	94	Leona	Brand
0.4916629043095619	94	Leona	Braum
0.5398669830027166	94	Leona	Camille
0.5595973912353365	94	Leona	Chogath
0.516195100902302	94	Leona	Elise
0.4819339394707582	94	Leona	Gragas
0.5262497583847136	94	Leona	Heimerdinger
0.5258429630626044	94	Leona	Hwei
0.4927721779150033	94	Leona	Ivern
0.49264458213202456	94	Leona	Janna
0.5286935793272229	94	Leona	JarvanIV
0.4994361670523968	94	Leona	Jax
0.5719824815170498	94	Leona	KSante
0.5014045917909473	94	Leona	Karma
0.5182995866416438	94	Leona	Kennen
0.5573918208133232	94	Leona	Leblanc
0.5580480029051911	94	Leona	LeeSin
0.4745483684664955	94	Leona	Lissandra
0.5262497583847136	94	Leona	Malphite
0.4962752077987576	94	Leona	Maokai
0.5719562532526189	94	Leona	Mel
0.49090152927846115	94	Leona	Milio
0.523050389674871	94	Leona	MissFortune
0.4640264868077737	94	Leona	Morgana
0.5332587260933183	94	Leona	Nautilus
0.5154178848103843	94	Leona	Neeko
0.4809017414597138	94	Leona	Nidalee
0.5312353204628053	94	Leona	Nunu
0.519472069271994	94	Leona	Ornn
0.5271100173013997	94	Leona	Pantheon
0.4994452713792194	94	Leona	Qiyana
0.5304222936072381	94	Leona	Rell
0.5434384927271946	94	Leona	Renata
0.5229257082859172	94	Leona	Rengar
0.4994361670523968	94	Leona	Sejuani
0.49363090040565283	94	Leona	Senna
0.48594490860960315	94	Leona	Seraphine
0.5234199978888945	94	Leona	Sett
0.5305654591885098	94	Leona	Shaco
0.522800210188668	94	Leona	Shen
0.49164159799878937	94	Leona	Singed
0.4833905721052549	94	Leona	Sion
0.5303764736520381	94	Leona	Sylas
0.49952894060400393	94	Leona	Syndra
0.5383816491099958	94	Leona	TahmKench
0.5281086715182907	94	Leona	Taliyah
0.4827082225193983	94	Leona	Taric
0.519165085159474	94	Leona	TwistedFate
0.5631477369726782	94	Leona	Twitch
0.4949555993260995	94	Leona	Veigar
0.490969473909297	94	Leona	Velkoz
0.5158483846332441	94	Leona	Vi
0.5496052213777682	94	Leona	Yuumi
0.499656215455477	94	Leona	Zac
0.5240544934236677	94	Leona	Ziggs
0.49255816048675877	94	Leona	Zilean
0.5285053455399857	94	Leona	Zoe
0.4847235352048386	94	Leona	Zyra
0.4693558970027534	95	Soraka	Ahri
0.5529929915871282	95	Soraka	Amumu
0.5290594823441925	95	Soraka	Anivia
0.5303467795303516	95	Soraka	Annie
0.5754671260298471	95	Soraka	Ashe
0.5190093318432809	95	Soraka	Brand
0.5213897797460904	95	Soraka	Elise
0.5497396295802054	95	Soraka	Fiddlesticks
0.5195418069479342	95	Soraka	Galio
0.5697868395960394	95	Soraka	Gragas
0.5747227845326246	95	Soraka	Heimerdinger
0.5280388199368563	95	Soraka	Hwei
0.44833661200539227	95	Soraka	Ivern
0.5249959695909623	95	Soraka	JarvanIV
0.5935374089341587	95	Soraka	Jhin
0.47513799772076676	95	Soraka	Leblanc
0.5715427598470604	95	Soraka	LeeSin
0.5501684604419333	95	Soraka	Lissandra
0.6044284862078618	95	Soraka	Malphite
0.48576086851114636	95	Soraka	Maokai
0.579717614443748	95	Soraka	Mel
0.5841233571429477	95	Soraka	MissFortune
0.5207331240523594	95	Soraka	Morgana
0.4794920750047601	95	Soraka	Nami
0.5410869278233532	95	Soraka	Neeko
0.6094450113822274	95	Soraka	Nidalee
0.5877709582107121	95	Soraka	Nunu
0.5452102095696703	95	Soraka	Orianna
0.5542660179240795	95	Soraka	Pantheon
0.5569886199543659	95	Soraka	Poppy
0.522395698775375	95	Soraka	Pyke
0.5191151581051142	95	Soraka	Rakan
0.4957374213598539	95	Soraka	Rammus
0.5204583103024509	95	Soraka	Rell
0.5715537868396987	95	Soraka	Rengar
0.4936320751551439	95	Soraka	Senna
0.5276818893659866	95	Soraka	Seraphine
0.472414948522543	95	Soraka	Shen
0.5489119850894322	95	Soraka	Sion
0.4898434190526638	95	Soraka	Sona
0.5676607559889413	95	Soraka	Swain
0.5392673639405163	95	Soraka	Sylas
0.5410258340159838	95	Soraka	TahmKench
0.5827481108586504	95	Soraka	Teemo
0.5972272055872091	95	Soraka	Twitch
0.5222033682538009	95	Soraka	Veigar
0.4966643288724716	95	Soraka	Velkoz
0.5234056523080429	95	Soraka	Xerath
0.4874193385797327	95	Soraka	Yuumi
0.5209283809817857	95	Soraka	Zac
0.4954077565393986	95	Soraka	Zilean
0.5434339391997511	95	Soraka	Zoe
0.5450548500007827	96	Thresh	Aatrox
0.5571609966537336	96	Thresh	Ahri
0.5077936739255431	96	Thresh	Alistar
0.5077750781740541	96	Thresh	Amumu
0.551841570291436	96	Thresh	Anivia
0.4882522076003203	96	Thresh	Annie
0.5344906255714084	96	Thresh	Ashe
0.5875952522989628	96	Thresh	AurelionSol
0.49668440430320154	96	Thresh	Brand
0.5391918714761903	96	Thresh	Briar
0.6261434693102244	96	Thresh	Caitlyn
0.5311521427919094	96	Thresh	Camille
0.5744905986504427	96	Thresh	Chogath
0.5266879528029214	96	Thresh	DrMundo
0.5296331049722793	96	Thresh	Ekko
0.6007707923400379	96	Thresh	Ezreal
0.48154981490393645	96	Thresh	Fiddlesticks
0.5396080265087281	96	Thresh	Galio
0.48869231722522	96	Thresh	Heimerdinger
0.5705845858726528	96	Thresh	Hwei
0.5007447199523044	96	Thresh	Ivern
0.5005157987000696	96	Thresh	JarvanIV
0.5474194492768251	96	Thresh	Jax
0.5999081546610132	96	Thresh	Jhin
0.5873642931939427	96	Thresh	KSante
0.5804482496744976	96	Thresh	Kayle
0.5010259595657829	96	Thresh	Kennen
0.5519354986610883	96	Thresh	KogMaw
0.5459225698487588	96	Thresh	Leblanc
0.6320119584207105	96	Thresh	LeeSin
0.4925496329925847	96	Thresh	Leona
0.5185452076704651	96	Thresh	Lulu
0.5792955911802745	96	Thresh	Malphite
0.47355339054025025	96	Thresh	Malzahar
0.5000746151999513	96	Thresh	Maokai
0.5668853040819322	96	Thresh	MissFortune
0.5791822007641998	96	Thresh	Mordekaiser
0.546206917835049	96	Thresh	Naafiri
0.5651170022988136	96	Thresh	Nasus
0.5288284065203184	96	Thresh	Nautilus
0.5202431678909807	96	Thresh	Neeko
0.5065556471555465	96	Thresh	Nidalee
0.5569123386871562	96	Thresh	Nunu
0.58345054237426	96	Thresh	Orianna
0.496224674168815	96	Thresh	Ornn
0.5374013960535734	96	Thresh	Pantheon
0.49267105157125535	96	Thresh	Poppy
0.5211202441647149	96	Thresh	Pyke
0.5400607203840108	96	Thresh	Qiyana
0.5611196676223825	96	Thresh	Rammus
0.5645592715901717	96	Thresh	RekSai
0.5330951313668134	96	Thresh	Rell
0.5013371121501378	96	Thresh	Renata
0.5606924463307295	96	Thresh	Rengar
0.5322067705682629	96	Thresh	Rumble
0.5771830445192552	96	Thresh	Sejuani
0.5046405820922358	96	Thresh	Senna
0.4896206220292625	96	Thresh	Seraphine
0.5439182235935976	96	Thresh	Sett
0.5240147038424532	96	Thresh	Shaco
0.5564264588374991	96	Thresh	Shen
0.55052681321839	96	Thresh	Singed
0.45642077212933735	96	Thresh	Sion
0.500973443037765	96	Thresh	Skarner
0.49350840270642976	96	Thresh	Soraka
0.5237699021028027	96	Thresh	Swain
0.5416308581646264	96	Thresh	Sylas
0.4886602279632746	96	Thresh	Syndra
0.5023287962558597	96	Thresh	TahmKench
0.570534063338785	96	Thresh	Taliyah
0.5277547557486298	96	Thresh	Trundle
0.5620549868186747	96	Thresh	Twitch
0.5660187755209077	96	Thresh	Veigar
0.506361036727061	96	Thresh	Velkoz
0.5500360213004056	96	Thresh	Vex
0.5701032994486961	96	Thresh	Vi
0.5289761654100507	96	Thresh	Wukong
0.5311778255330154	96	Thresh	Yuumi
0.548608922372632	96	Thresh	Zac
0.5317956943891882	96	Thresh	Zed
0.5327057968796334	96	Thresh	Ziggs
0.49019024306991144	96	Thresh	Zilean
0.5569486654049566	96	Thresh	Zoe
0.49539504202676476	96	Thresh	Zyra
0.49634306596330946	97	Braum	Ahri
0.49361441903941883	97	Braum	Alistar
0.47696617301408195	97	Braum	Amumu
0.5514158558317127	97	Braum	Anivia
0.5300392403294126	97	Braum	Annie
0.5635395952968442	97	Braum	Ashe
0.494488116427778	97	Braum	Bard
0.5433991361544147	97	Braum	Blitzcrank
0.4816882476680065	97	Braum	Brand
0.58061805281993	97	Braum	Camille
0.5858921165751703	97	Braum	Chogath
0.5366912849505565	97	Braum	Elise
0.6010264914429306	97	Braum	Ezreal
0.48207193072762733	97	Braum	Fiddlesticks
0.5579056087150048	97	Braum	Galio
0.524819076516032	97	Braum	Gragas
0.46787181519257426	97	Braum	Heimerdinger
0.49175494280784177	97	Braum	Hwei
0.5522511215085457	97	Braum	Ivern
0.4917632331110974	97	Braum	Janna
0.6004887231428839	97	Braum	JarvanIV
0.5767305821910337	97	Braum	KSante
0.5210251737143937	97	Braum	Karma
0.5035412256827227	97	Braum	Kennen
0.619976190613816	97	Braum	Leblanc
0.6266840844930951	97	Braum	LeeSin
0.6295743085743344	97	Braum	Lissandra
0.5271796895542853	97	Braum	Lulu
0.5223605032287737	97	Braum	Lux
0.5235463293100193	97	Braum	Malphite
0.49524744674240595	97	Braum	Maokai
0.5636368680467204	97	Braum	Mel
0.5241868955497181	97	Braum	Milio
0.5605771810149073	97	Braum	MissFortune
0.4994448420421834	97	Braum	Morgana
0.5319771089512558	97	Braum	Nautilus
0.502861636891164	97	Braum	Neeko
0.5539211040838403	97	Braum	Nidalee
0.5750685375563525	97	Braum	Nunu
0.559094940724037	97	Braum	Orianna
0.496449060387017	97	Braum	Qiyana
0.49631016712145415	97	Braum	Rakan
0.5514363561754392	97	Braum	Rammus
0.4975885955407879	97	Braum	Rell
0.5006817515243427	97	Braum	Renata
0.6487926806132164	97	Braum	Rengar
0.5691422600710652	97	Braum	Rumble
0.5644670139040194	97	Braum	Sejuani
0.49169830271124926	97	Braum	Senna
0.4834555275169316	97	Braum	Seraphine
0.6223335313447244	97	Braum	Sett
0.5379474780521918	97	Braum	Shaco
0.5694650042544087	97	Braum	Shen
0.5035412256827227	97	Braum	Singed
0.5017706421713906	97	Braum	Sion
0.5729833694843656	97	Braum	Skarner
0.48812108074631927	97	Braum	Soraka
0.5214858104850759	97	Braum	Swain
0.5667431227340509	97	Braum	Sylas
0.5304716758060982	97	Braum	Syndra
0.5282583735127405	97	Braum	TahmKench
0.559094940724037	97	Braum	Taliyah
0.4609316271723206	97	Braum	Taric
0.5390455696971633	97	Braum	Teemo
0.49278302605627455	97	Braum	Thresh
0.5332132394894393	97	Braum	Trundle
0.5211436898854634	97	Braum	TwistedFate
0.573450805459201	97	Braum	Twitch
0.5381118263903774	97	Braum	Veigar
0.5495012407757272	97	Braum	Xerath
0.5878078518363532	97	Braum	Yuumi
0.4950332569596074	97	Braum	Zac
0.45555506959366504	97	Braum	Zilean
0.5639759259958105	97	Braum	Zoe
0.5293622558788452	97	Braum	Zyra
0.4996373188316821	98	Maokai	Amumu
0.5427765496288413	98	Maokai	Anivia
0.5421154918784171	98	Maokai	Annie
0.5610483069719171	98	Maokai	Brand
0.5419940636691002	98	Maokai	Elise
0.5837399940625067	98	Maokai	Ezreal
0.5293922058650488	98	Maokai	Fiddlesticks
0.49955989075341856	98	Maokai	Gragas
0.5773904937378329	98	Maokai	Leblanc
0.5251844504958995	98	Maokai	Lulu
0.6037025492586973	98	Maokai	Mel
0.5006611554925792	98	Maokai	Milio
0.48126560416852515	98	Maokai	Morgana
0.5270884460542333	98	Maokai	Neeko
0.533342769079108	98	Maokai	Pantheon
0.5696447325394702	98	Maokai	Pyke
0.498107068165287	98	Maokai	Rakan
0.5358372503338987	98	Maokai	Rell
0.5440365579954507	98	Maokai	Sion
0.46732644439291876	98	Maokai	Sona
0.5013930049999615	98	Maokai	Swain
0.49036252157798715	98	Maokai	TahmKench
0.4355911964803836	98	Maokai	Taric
0.5323866418156417	98	Maokai	Teemo
0.527725665327648	98	Maokai	Twitch
0.5694863498368474	98	Maokai	Veigar
0.5662840001307856	98	Maokai	Velkoz
0.5645522502441664	98	Maokai	Zac
0.46364181167295676	98	Maokai	Zilean
0.5261643456877325	98	Maokai	Zyra
0.546493085326437	99	Janna	Alistar
0.48693296796146596	99	Janna	Amumu
0.5373140391170919	99	Janna	Anivia
0.5390305903087103	99	Janna	Ashe
0.5012960465978668	99	Janna	Blitzcrank
0.5350666948504551	99	Janna	Brand
0.5504513636937504	99	Janna	Camille
0.5314754758747305	99	Janna	Elise
0.5512002342462892	99	Janna	Ezreal
0.4769476605819304	99	Janna	Fiddlesticks
0.5746361087030691	99	Janna	Gragas
0.5376317803117762	99	Janna	Hwei
0.5492066737689696	99	Janna	Ivern
0.4984277659478322	99	Janna	JarvanIV
0.5320053599823199	99	Janna	Karma
0.5646102592106886	99	Janna	Leblanc
0.5709723983545678	99	Janna	LeeSin
0.5016346899129787	99	Janna	Lulu
0.5430290933499011	99	Janna	Lux
0.5985755162677391	99	Janna	Malphite
0.4943969568596826	99	Janna	Maokai
0.5827795300258589	99	Janna	Mel
0.5029270477767743	99	Janna	Milio
0.5512796147996202	99	Janna	Neeko
0.5574015035880342	99	Janna	Nidalee
0.5593430941248061	99	Janna	Pantheon
0.5456904310490631	99	Janna	Poppy
0.49565731844869876	99	Janna	Pyke
0.5597964925290998	99	Janna	Rakan
0.49970011794915353	99	Janna	Rell
0.4993502246748436	99	Janna	Renata
0.49161405893211646	99	Janna	Seraphine
0.5539316898985205	99	Janna	Shaco
0.5602381612100854	99	Janna	Shen
0.5488866591579135	99	Janna	Sion
0.49628101607779185	99	Janna	Sona
0.4962675067500565	99	Janna	Soraka
0.5449829159073598	99	Janna	Sylas
0.5389167423562496	99	Janna	TahmKench
0.5410111476482615	99	Janna	Taliyah
0.5319007103094399	99	Janna	Teemo
0.488740947486008	99	Janna	Thresh
0.5509336248338638	99	Janna	Twitch
0.551271887704119	99	Janna	Veigar
0.5487315703523918	99	Janna	Xerath
0.5466912652084953	99	Janna	Yuumi
0.5987981286905683	99	Janna	Zac
0.49559912958776114	99	Janna	Zilean
0.5378115876939552	99	Janna	Zoe
0.533835362374407	101	Sona	Alistar
0.4970475711186373	101	Sona	Amumu
0.5634455120807021	101	Sona	Anivia
0.577774112133436	101	Sona	Annie
0.6004569147617265	101	Sona	Ashe
0.49411677992355707	101	Sona	Bard
0.4657995316026376	101	Sona	Blitzcrank
0.5315510061891241	101	Sona	Camille
0.5772445676888308	101	Sona	Chogath
0.5242864168343325	101	Sona	Elise
0.6143990031145862	101	Sona	Ezreal
0.5527403550347636	101	Sona	Fiddlesticks
0.4781726737457328	101	Sona	Galio
0.44037943338014235	101	Sona	Gragas
0.5283858555405286	101	Sona	Heimerdinger
0.5739938508739336	101	Sona	Hwei
0.466403313692296	101	Sona	Ivern
0.474430330622981	101	Sona	JarvanIV
0.5254133723041385	101	Sona	Karma
0.5382121321315773	101	Sona	Leblanc
0.5601426266813355	101	Sona	Lissandra
0.5513253203434866	101	Sona	Lulu
0.5479585384818906	101	Sona	Lux
0.5410219870286465	101	Sona	Maokai
0.5448747607165014	101	Sona	Mel
0.6032589948787117	101	Sona	MissFortune
0.5434721108549896	101	Sona	Morgana
0.49400303572383153	101	Sona	Nautilus
0.5687960669066086	101	Sona	Neeko
0.47692470550103333	101	Sona	Nidalee
0.49618385912782476	101	Sona	Pantheon
0.48352012450683235	101	Sona	Poppy
0.5328565014710592	101	Sona	Quinn
0.52715252994305	101	Sona	Rakan
0.5328565014710592	101	Sona	Rammus
0.49777148210677435	101	Sona	Rell
0.5017229155524325	101	Sona	Renata
0.5003750752416948	101	Sona	Seraphine
0.5569585508822854	101	Sona	Shaco
0.5499673582404091	101	Sona	Shen
0.5325880132637539	101	Sona	Sion
0.5302981554005665	101	Sona	Swain
0.46687111282921623	101	Sona	Sylas
0.5233522821644312	101	Sona	TahmKench
0.5504505047964953	101	Sona	Teemo
0.5283858555405286	101	Sona	TwistedFate
0.6391981695144204	101	Sona	Twitch
0.5296416388759285	101	Sona	Veigar
0.5499917244960425	101	Sona	Velkoz
0.5833129041240693	101	Sona	Xerath
0.5292996087695377	101	Sona	Yuumi
0.5487320002550509	101	Sona	Zac
0.48262661627011655	101	Sona	Zilean
0.48125368219689874	101	Sona	Zoe
0.4987592306759313	101	Sona	Zyra
0.5563457253874863	102	Nami	Aatrox
0.5047818152981062	102	Nami	Ahri
0.5232691345677717	102	Nami	Alistar
0.5111582849174988	102	Nami	Amumu
0.5351051044387648	102	Nami	Anivia
0.5827534932586038	102	Nami	Ashe
0.5572717840800299	102	Nami	AurelionSol
0.570539796030512	102	Nami	Aurora
0.5043368131784896	102	Nami	Blitzcrank
0.5570233166168668	102	Nami	Briar
0.5684868236810342	102	Nami	Camille
0.5625542366486395	102	Nami	Chogath
0.5537877763629064	102	Nami	Darius
0.5924406288988506	102	Nami	Ekko
0.5227174586213131	102	Nami	Elise
0.5780144043709603	102	Nami	Ezreal
0.500204740978019	102	Nami	Fiddlesticks
0.5247097419974298	102	Nami	Galio
0.5792817484474942	102	Nami	Gragas
0.5380492711621423	102	Nami	Heimerdinger
0.5877421893345227	102	Nami	Hwei
0.4955451817947158	102	Nami	Ivern
0.5630320027370301	102	Nami	JarvanIV
0.6300624366305363	102	Nami	Jax
0.5751584621371622	102	Nami	Jhin
0.5914500829561238	102	Nami	KSante
0.5366384628081948	102	Nami	Karthus
0.5877132531309467	102	Nami	Kayle
0.5467253535417649	102	Nami	Kennen
0.5563457253874863	102	Nami	KogMaw
0.5609675387986149	102	Nami	Leblanc
0.5893264493148886	102	Nami	LeeSin
0.5871911210654917	102	Nami	Lissandra
0.5249024645360671	102	Nami	Lux
0.4872433027834898	102	Nami	Malphite
0.5961567753292857	102	Nami	Malzahar
0.6052899234194421	102	Nami	MasterYi
0.5720073718475557	102	Nami	Mel
0.5910044058683656	102	Nami	MissFortune
0.5126798683408447	102	Nami	Morgana
0.5831018593914601	102	Nami	Nasus
0.5069659413861757	102	Nami	Nautilus
0.5288367862847382	102	Nami	Neeko
0.5497190702618112	102	Nami	Nidalee
0.5774165298562297	102	Nami	Nunu
0.5494992083134803	102	Nami	Orianna
0.5589188712877338	102	Nami	Ornn
0.5611580467061082	102	Nami	Pantheon
0.5291525704058434	102	Nami	Pyke
0.5946381691487297	102	Nami	Qiyana
0.5236872732323127	102	Nami	Quinn
0.5031667934627901	102	Nami	Rakan
0.5721526288550673	102	Nami	RekSai
0.5478981032069765	102	Nami	Rell
0.5440684888539098	102	Nami	Renata
0.5261111136877936	102	Nami	Rengar
0.5581461948307241	102	Nami	Rumble
0.5721526288550673	102	Nami	Sejuani
0.6138831288991772	102	Nami	Sett
0.5497441285516177	102	Nami	Shaco
0.5862569776466106	102	Nami	Shen
0.5719827344210152	102	Nami	Singed
0.5569447327896226	102	Nami	Sion
0.6144902772312651	102	Nami	Skarner
0.5629236510983715	102	Nami	Swain
0.5801567663045044	102	Nami	Sylas
0.5838501816270163	102	Nami	Syndra
0.560021604024842	102	Nami	TahmKench
0.5130588556582011	102	Nami	Teemo
0.5625479176908865	102	Nami	Trundle
0.5612802961023536	102	Nami	TwistedFate
0.5691860889759656	102	Nami	Twitch
0.585759473908156	102	Nami	Vayne
0.5467445710288751	102	Nami	Veigar
0.5631149753904412	102	Nami	Vex
0.5265600258308343	102	Nami	Vi
0.586137527529203	102	Nami	Wukong
0.5518982727100556	102	Nami	Xerath
0.6098096449342642	102	Nami	XinZhao
0.5093860631131927	102	Nami	Yuumi
0.572212730417929	102	Nami	Zaahen
0.5041860010348038	102	Nami	Zac
0.6144902772312651	102	Nami	Ziggs
0.5122547537768994	102	Nami	Zoe
0.4953416428573631	103	Zilean	Anivia
0.5552975202688465	103	Zilean	Annie
0.5325326019088262	103	Zilean	Ashe
0.5526028637045837	103	Zilean	Blitzcrank
0.5585666205382304	103	Zilean	Brand
0.5472675997976068	103	Zilean	Braum
0.4886627295724683	103	Zilean	Camille
0.4966735908473241	103	Zilean	Elise
0.5538654068373355	103	Zilean	Fiddlesticks
0.5730632024013421	103	Zilean	Gragas
0.5308329279251032	103	Zilean	Heimerdinger
0.5494884193226938	103	Zilean	JarvanIV
0.5433024447569594	103	Zilean	Malphite
0.5485505072537402	103	Zilean	Maokai
0.597926634575287	103	Zilean	Mel
0.4844395291654618	103	Zilean	Nami
0.46854686271248736	103	Zilean	Neeko
0.5433024447569594	103	Zilean	Nidalee
0.5443181748123397	103	Zilean	Pantheon
0.5351017934563255	103	Zilean	Pyke
0.6080181897992589	103	Zilean	Rell
0.4960715098984918	103	Zilean	Senna
0.5415021661670737	103	Zilean	Seraphine
0.5377087206290411	103	Zilean	Shaco
0.5800385336357676	103	Zilean	Shen
0.5495637467591917	103	Zilean	Sion
0.5702960935401907	103	Zilean	Swain
0.5532763328268766	103	Zilean	Sylas
0.5814751329337813	103	Zilean	TahmKench
0.5554044819262476	103	Zilean	Taric
0.5729617881692862	103	Zilean	Twitch
0.5577767014151699	103	Zilean	Veigar
0.49714342355138597	103	Zilean	Xerath
0.542767119067247	103	Zilean	Yuumi
0.4958002717006058	103	Zilean	Zoe
0.4766144389300145	103	Zilean	Zyra
0.47437084263198115	104	Ivern	Braum
0.47075146234186316	104	Ivern	Janna
0.47303618010038184	104	Ivern	Lux
0.42838510314230877	104	Ivern	Pyke
0.5777655751034807	104	Ivern	Sona
0.6006945818224868	104	Ivern	Soraka
0.46354369884213803	104	Ivern	Swain
0.5878305410994854	104	Ivern	Velkoz
0.5777655751034807	104	Ivern	Yuumi
0.545331945657731	105	Taric	Alistar
0.5804213612272225	105	Taric	Amumu
0.5574337892010977	105	Taric	Anivia
0.5488779336442293	105	Taric	Ashe
0.5094938457747713	105	Taric	Bard
0.5080346225946305	105	Taric	Blitzcrank
0.45872373050074494	105	Taric	Brand
0.5464809470367065	105	Taric	Braum
0.5550160385721877	105	Taric	Elise
0.5692742358277125	105	Taric	Ezreal
0.5841752122249441	105	Taric	Galio
0.4982161309378996	105	Taric	Janna
0.5598069743441281	105	Taric	Karma
0.5428773560222159	105	Taric	Lulu
0.49238391457960473	105	Taric	Lux
0.5904824564378408	105	Taric	Maokai
0.5536694829720872	105	Taric	Mel
0.4999874183748694	105	Taric	Morgana
0.4924617537775749	105	Taric	Nami
0.5809825517541523	105	Taric	Nautilus
0.5511853116953731	105	Taric	Neeko
0.5790646082718185	105	Taric	Pantheon
0.5518095093636315	105	Taric	Poppy
0.4671553990663676	105	Taric	Rakan
0.6161727611837323	105	Taric	Renata
0.584966423653783	105	Taric	Shen
0.495472766924749	105	Taric	Sona
0.49712593918916587	105	Taric	Soraka
0.5937197449356983	105	Taric	Sylas
0.5657122554270576	105	Taric	TahmKench
0.4974334269919145	105	Taric	Velkoz
0.577824356910718	105	Taric	Xerath
0.5616081862991779	105	Taric	Yuumi
0.4634569486614459	105	Taric	Zilean
0.553225715421442	105	Taric	Zyra
0.6080575219369981	106	Rammus	Blitzcrank
0.6379334860638405	106	Rammus	Milio
0.44554972507583357	106	Rammus	Pyke
0.45652743603157087	106	Rammus	Thresh
